<metadata><mdHrLv2>other</mdHrLv2><mdHrLvName2>Geodatabase feature class</mdHrLvName2><mdStanName2>ISO19115:2003</mdStanName2><mdStanVer2>GISCO 1.2.0</mdStanVer2><legislationInfo><title><resTitle>Regulation (EC) No 1059/2003 of the European Parliament and of the Council on the establishment of a common classification of territorial units for statistics (NUTS)</resTitle><resRefDate><refDate>20030711</refDate><refDateType>publication</refDateType></resRefDate></title><legislationType>euRegulation</legislationType></legislationInfo><MdCoRefSys><ellipsoid><identCode>Geodetic Reference System 80</identCode></ellipsoid><datum><identCode>D_ETRS_1989</identCode></datum><ellParas><axisUnits>Degrees</axisUnits><semiMajAx>6378137.000000</semiMajAx><denFlatRat>298.257222</denFlatRat></ellParas></MdCoRefSys><eainfo><detailed Name="NUTS_SEPA_LI_2013"><enttyp><enttypl Sync="TRUE">NUTS_SEPA_LI_2013</enttypl><enttypd>NUTS 2010 separators, arc topology. 

A separator is a line to visually group or divide sea areas into regions. A separator are not meant to represent administrative boundaries. Separators are designed only for cartographic purposes.</enttypd><enttypt Sync="TRUE">Feature Class</enttypt><enttypc Sync="TRUE">0</enttypc></enttyp><attr><attrtype Sync="TRUE">Integer</attrtype><attrlabl>MIN_SCAL</attrlabl><attrdef>Minimum cartographic display scale of NUTS separator. This is consistent with the different scale versions of NUTS 2013.</attrdef><attrdefs>GISCO</attrdefs><attwidth Sync="TRUE">9</attwidth><atprecis Sync="TRUE">9</atprecis><attscale Sync="TRUE">0</attscale><attalias Sync="TRUE">MIN_SCAL</attalias></attr><attr><attrtype Sync="TRUE">Geometry</attrtype><attrlabl>SHAPE</attrlabl><attrdef>Feature geometry.</attrdef><attrdefs>ESRI</attrdefs><attwidth Sync="TRUE">0</attwidth><atprecis Sync="TRUE">0</atprecis><attscale Sync="TRUE">0</attscale><attalias Sync="TRUE">Shape</attalias><attrdomv><udom Sync="TRUE">Coordinates defining the features.</udom></attrdomv></attr><attr><attrtype Sync="TRUE">String</attrtype><attrlabl>CNTR_CODE</attrlabl><attrdef>Country code (ISO-3166-1). Not populated if separator valid at NUTS Level 0. Conceptual foreign key to CNTR_AT.</attrdef><attrdefs>GISCO</attrdefs><attwidth Sync="TRUE">3</attwidth><atprecis Sync="TRUE">0</atprecis><attscale Sync="TRUE">0</attscale><attalias Sync="TRUE">CNTR_CODE</attalias></attr><subtype><stname Sync="TRUE">country</stname><stcode Sync="TRUE">0</stcode><stfield><stfldnm Sync="TRUE">STAT_LEVL_CODE</stfldnm><stflddv Sync="TRUE">1</stflddv></stfield></subtype><attr><attrlabl Sync="TRUE">FID</attrlabl><attalias Sync="TRUE">FID</attalias><attrtype Sync="TRUE">OID</attrtype><attwidth Sync="TRUE">4</attwidth><atprecis Sync="TRUE">0</atprecis><attscale Sync="TRUE">0</attscale><attrdef Sync="TRUE">Internal feature number.</attrdef><attrdefs Sync="TRUE">Esri</attrdefs><attrdomv><udom Sync="TRUE">Sequential unique whole numbers that are automatically generated.</udom></attrdomv></attr><subtype><stname Sync="TRUE">nuts1</stname><stcode Sync="TRUE">1</stcode><stfield><stfldnm Sync="TRUE">STAT_LEVL_CODE</stfldnm><stflddv Sync="TRUE">0</stflddv></stfield></subtype><attr><attrlabl Sync="TRUE">NUTS_SEPA_</attrlabl><attalias Sync="TRUE">NUTS_SEPA_</attalias><attrtype Sync="TRUE">Integer</attrtype><attwidth Sync="TRUE">9</attwidth><atprecis Sync="TRUE">9</atprecis><attscale Sync="TRUE">0</attscale></attr><attr><attrlabl Sync="TRUE">STAT_LEVL_</attrlabl><attalias Sync="TRUE">STAT_LEVL_</attalias><attrtype Sync="TRUE">Integer</attrtype><attwidth Sync="TRUE">9</attwidth><atprecis Sync="TRUE">9</atprecis><attscale Sync="TRUE">0</attscale></attr><subtype><stname Sync="TRUE">nuts2</stname><stcode Sync="TRUE">2</stcode><stfield><stfldnm Sync="TRUE">STAT_LEVL_CODE</stfldnm><stflddv Sync="TRUE">3</stflddv></stfield></subtype><subtype><stname Sync="TRUE">nuts3</stname><stcode Sync="TRUE">3</stcode><stfield><stfldnm Sync="TRUE">STAT_LEVL_CODE</stfldnm><stflddv Sync="TRUE">2</stflddv></stfield></subtype><attr><attrlabl Sync="TRUE">SHAPE_Leng</attrlabl><attalias Sync="TRUE">SHAPE_Leng</attalias><attrtype Sync="TRUE">Double</attrtype><attwidth Sync="TRUE">19</attwidth><atprecis Sync="TRUE">0</atprecis><attscale Sync="TRUE">0</attscale></attr></detailed></eainfo><Esri><SyncDate>20151203</SyncDate><SyncTime>17302000</SyncTime><ModDate>20151203</ModDate><ModTime>17302000</ModTime><CreaDate>20150722</CreaDate><CreaTime>08345200</CreaTime><SyncOnce>FALSE</SyncOnce><ArcGISFormat>1.0</ArcGISFormat><ArcGISstyle>GISCO Metadata Editor 2012</ArcGISstyle><DataProperties><itemProps><itemLocation><linkage Sync="TRUE">file://\\s-tlar\development\develop\JIRA-2015\GISCO-653_Download_packages\ADMIN-UNITS\NUTS_2013\NUTS_2013_01M_SH\data\NUTS_SEPA_LI_2013.shp</linkage><protocol Sync="TRUE">Local Area Network</protocol></itemLocation><itemName Sync="TRUE">NUTS_SEPA_LI_2013</itemName><nativeExtBox><westBL Sync="TRUE">-16.221817</westBL><eastBL Sync="TRUE">29.655893</eastBL><southBL Sync="TRUE">29.861299</southBL><northBL Sync="TRUE">68.926192</northBL><exTypeCode Sync="TRUE">1</exTypeCode></nativeExtBox><imsContentType Sync="TRUE">002</imsContentType><itemSize Sync="TRUE">0.000</itemSize></itemProps><lineage><Process Name="Delete Features" ToolSource="C:\Program Files (x86)\ArcGIS\Desktop10.0\ArcToolbox\Toolboxes\Data Management Tools.tbx\DeleteFeatures" Date="20121128" Time="165626" export="">DeleteFeatures Z:\webapp\mapservices\Maps\connection-files\PROD\PROD-DIRECT-GISCO_11g.sde\GISCO.NUTS_2010\GISCO.NUTS_SEPA_LI_2010</Process><Process Name="Append" ToolSource="C:\Program Files (x86)\ArcGIS\Desktop10.0\ArcToolbox\Toolboxes\Data Management Tools.tbx\Append" Date="20121128" Time="170241" export="">Append 'J:\users\diegoce\Specific convention\Specific convention 08\02 AB generalisatons\Final delivery v1.3\SC3_A2_GENERALISATION(12_09_2012).gdb\NUTS_2010\NUTS_SEPA_LI_2010' Z:\webapp\mapservices\Maps\connection-files\PROD\PROD-DIRECT-GISCO_11g.sde\GISCO.NUTS_2010\GISCO.NUTS_SEPA_LI_2010 TEST # #</Process><Process Name="Delete Features" ToolSource="C:\Program Files (x86)\ArcGIS\Desktop10.0\ArcToolbox\Toolboxes\Data Management Tools.tbx\DeleteFeatures" Date="20130220" Time="095306" export="">DeleteFeatures Z:\webapp\mapservices\Maps\connection-files\PROD\PROD-DIRECT-GISCO_11g.sde\GISCO.NUTS_2010\GISCO.NUTS_SEPA_LI_2010</Process><Process Name="Append" ToolSource="C:\Program Files (x86)\ArcGIS\Desktop10.0\ArcToolbox\Toolboxes\Data Management Tools.tbx\Append" Date="20130220" Time="095312" export="">Append J:\develop\Database-Updates\NUTS_Croatia.gdb\NUTS_2010\NUTS_SEPA_LI_2010 Z:\webapp\mapservices\Maps\connection-files\PROD\PROD-DIRECT-GISCO_11g.sde\GISCO.NUTS_2010\GISCO.NUTS_SEPA_LI_2010 TEST # #</Process><Process Name="Delete Features" ToolSource="C:\Program Files (x86)\ArcGIS\Desktop10.0\ArcToolbox\Toolboxes\Data Management Tools.tbx\DeleteFeatures" Date="20130514" Time="155315" export="">DeleteFeatures Z:\webapp\mapservices\Maps\connection-files\PROD\PROD-DIRECT-GISCO_11g.sde\GISCO.NUTS_2010\GISCO.NUTS_SEPA_LI_2010</Process><Process Name="Append" ToolSource="C:\Program Files (x86)\ArcGIS\Desktop10.0\ArcToolbox\Toolboxes\Data Management Tools.tbx\Append" Date="20130514" Time="155321" export="">Append J:\users\harromi\NUTS_Changes\Errors\NUTS.gdb\NUTS_2010\NUTS_SEPA_LI_2010 Z:\webapp\mapservices\Maps\connection-files\PROD\PROD-DIRECT-GISCO_11g.sde\GISCO.NUTS_2010\GISCO.NUTS_SEPA_LI_2010 TEST # #</Process><Process Name="Delete Features" ToolSource="C:\Program Files (x86)\ArcGIS\Desktop10.0\ArcToolbox\Toolboxes\Data Management Tools.tbx\DeleteFeatures" Date="20130603" Time="173536" export="">DeleteFeatures Z:\webapp\mapservices\Maps\connection-files\PROD\PROD-DIRECT-GISCO_11g.sde\GISCO.NUTS_2010\GISCO.NUTS_SEPA_LI_2010</Process><Process Name="Append" ToolSource="C:\Program Files (x86)\ArcGIS\Desktop10.0\ArcToolbox\Toolboxes\Data Management Tools.tbx\Append" Date="20130603" Time="173542" export="">Append J:\develop\Database-Updates\NUTS.gdb\NUTS_2010\NUTS_SEPA_LI_2010 Z:\webapp\mapservices\Maps\connection-files\PROD\PROD-DIRECT-GISCO_11g.sde\GISCO.NUTS_2010\GISCO.NUTS_SEPA_LI_2010 TEST # #</Process><Process Name="Delete Features" ToolSource="C:\Program Files (x86)\ArcGIS\Desktop10.0\ArcToolbox\Toolboxes\Data Management Tools.tbx\DeleteFeatures" Date="20130705" Time="120116" export="">DeleteFeatures Z:\webapp\mapservices\Maps\connection-files\PROD\PROD-DIRECT-GISCO_11g.sde\GISCO.NUTS_2010\GISCO.NUTS_SEPA_LI_2010</Process><Process Name="Append" ToolSource="C:\Program Files (x86)\ArcGIS\Desktop10.0\ArcToolbox\Toolboxes\Data Management Tools.tbx\Append" Date="20130705" Time="120124" export="">Append J:\develop\Database-Updates\Croatia_acsession\NUTS_2010.gdb\NUTS_2010\NUTS_SEPA_LI_2010 Z:\webapp\mapservices\Maps\connection-files\PROD\PROD-DIRECT-GISCO_11g.sde\GISCO.NUTS_2010\GISCO.NUTS_SEPA_LI_2010 TEST # #</Process><Process Name="Delete Features" ToolSource="c:\program files (x86)\arcgis\desktop10.1\ArcToolbox\Toolboxes\Data Management Tools.tbx\DeleteFeatures" Date="20140709" Time="142943" export="">DeleteFeatures Y:\PROD\PROD-SDE-GISCO.sde\GISCO.NUTS_2010\GISCO.NUTS_SEPA_LI_2010</Process><Process Name="Append" ToolSource="c:\program files (x86)\arcgis\desktop10.1\ArcToolbox\Toolboxes\Data Management Tools.tbx\Append" Date="20140709" Time="142951" export="">Append J:\develop\Database-Updates\CNTR_AT.gdb\NUTS_2010\NUTS_SEPA_LI_2010 Y:\PROD\PROD-SDE-GISCO.sde\GISCO.NUTS_2010\GISCO.NUTS_SEPA_LI_2010 TEST # #</Process><Process ToolSource="c:\program files (x86)\arcgis\desktop10.1\ArcToolbox\Toolboxes\Data Management Tools.tbx\CopyFeatures" Date="20150716" Time="142435" Name="" export="">CopyFeatures C:\GISCO_Sources.gdb\NUTS_2010\NUTS_SEPA_LI_2010 C:\GISCO_2013_100k_1M_3M_10M_20M_60M_20150716M.gdb\NUTS_2013\NUTS_SEPA_LI_2010 # 0 0 0</Process><Process ToolSource="c:\program files (x86)\arcgis\desktop10.1\ArcToolbox\Toolboxes\Data Management Tools.tbx\CalculateField" Date="20150716" Time="142757" Name="" export="">CalculateField NUTS_SEPA_LI_2013 CNTR_CODE EL VB #</Process><Process ToolSource="c:\program files (x86)\arcgis\desktop10.1\ArcToolbox\Toolboxes\Data Management Tools.tbx\CalculateField" Date="20150716" Time="142817" Name="" export="">CalculateField NUTS_SEPA_LI_2013 CNTR_CODE EL VB #</Process><Process ToolSource="c:\program files (x86)\arcgis\desktop10.1\ArcToolbox\Toolboxes\Data Management Tools.tbx\CalculateField" Date="20150716" Time="143213" Name="" export="">CalculateField NUTS_SEPA_LI_2013 CNTR_CODE EL VB #</Process><Process ToolSource="c:\program files (x86)\arcgis\desktop10.1\ArcToolbox\Toolboxes\Data Management Tools.tbx\CalculateField" Date="20150716" Time="143225" Name="" export="">CalculateField NUTS_SEPA_LI_2013 CNTR_CODE "EL" VB #</Process></lineage><coordRef><type Sync="TRUE">Geographic</type><geogcsn Sync="TRUE">GCS_ETRS_1989</geogcsn><csUnits Sync="TRUE">Angular Unit: Degree (0.017453)</csUnits><peXml Sync="TRUE">&lt;GeographicCoordinateSystem xsi:type='typens:GeographicCoordinateSystem' xmlns:xsi='http://www.w3.org/2001/XMLSchema-instance' xmlns:xs='http://www.w3.org/2001/XMLSchema' xmlns:typens='http://www.esri.com/schemas/ArcGIS/10.1'&gt;&lt;WKT&gt;GEOGCS[&amp;quot;GCS_ETRS_1989&amp;quot;,DATUM[&amp;quot;D_ETRS_1989&amp;quot;,SPHEROID[&amp;quot;GRS_1980&amp;quot;,6378137.0,298.257222101]],PRIMEM[&amp;quot;Greenwich&amp;quot;,0.0],UNIT[&amp;quot;Degree&amp;quot;,0.0174532925199433],AUTHORITY[&amp;quot;EPSG&amp;quot;,4258]]&lt;/WKT&gt;&lt;XOrigin&gt;-400&lt;/XOrigin&gt;&lt;YOrigin&gt;-400&lt;/YOrigin&gt;&lt;XYScale&gt;11258999068426.238&lt;/XYScale&gt;&lt;ZOrigin&gt;-100000&lt;/ZOrigin&gt;&lt;ZScale&gt;10000&lt;/ZScale&gt;&lt;MOrigin&gt;-100000&lt;/MOrigin&gt;&lt;MScale&gt;10000&lt;/MScale&gt;&lt;XYTolerance&gt;8.9831528411952133e-009&lt;/XYTolerance&gt;&lt;ZTolerance&gt;0.001&lt;/ZTolerance&gt;&lt;MTolerance&gt;0.001&lt;/MTolerance&gt;&lt;HighPrecision&gt;true&lt;/HighPrecision&gt;&lt;LeftLongitude&gt;-180&lt;/LeftLongitude&gt;&lt;WKID&gt;4258&lt;/WKID&gt;&lt;LatestWKID&gt;4258&lt;/LatestWKID&gt;&lt;/GeographicCoordinateSystem&gt;</peXml></coordRef></DataProperties><ArcGISProfile>INSPIRE</ArcGISProfile><scaleRange><minScale>5000000</minScale><maxScale>50000</maxScale></scaleRange></Esri><editorCustomization version="v1.1.4"/><mdFileID>b4ab0a49-953a-4f45-afeb-24abcaedec8c</mdFileID><mdLang><languageCode value="eng"/><countryCode value="GBR" Sync="TRUE"/></mdLang><mdChar><CharSetCd value="004"/></mdChar><mdHrLvName Sync="TRUE">dataset</mdHrLvName><mdContact xmlns=""><rpOrgName>European Commission, Eurostat (ESTAT), GISCO</rpOrgName><rpCntInfo><cntAddress addressType=""><eMailAdd>estat-gisco@ec.europa.eu</eMailAdd></cntAddress></rpCntInfo><role><RoleCd value="007"/></role></mdContact><mdDateSt Sync="TRUE">20151203</mdDateSt><mdStanName>ArcGIS Metadata</mdStanName><mdStanVer>1.0</mdStanVer><distInfo><distFormat><formatName Sync="TRUE">Shapefile</formatName></distFormat><distTranOps><transSize Sync="TRUE">0.000</transSize></distTranOps></distInfo><dataIdInfo><idCitation><resTitle Sync="TRUE">NUTS_SEPA_LI_2013</resTitle><presForm><PresFormCd value="005"/></presForm></idCitation><idAbs>&lt;DIV STYLE="text-align:Left;"&gt;&lt;DIV&gt;&lt;DIV&gt;&lt;P&gt;&lt;SPAN&gt;This data set represents the regions for level 1, 2 and 3 of the Nomenclature of Territorial Units for Statistics (NUTS) for 2013. The NUTS nomenclature is a hierarchical classification of statistical regions and subdivides the EU economic territory into regions of three different levels (NUTS 1, 2 and 3, respectively, moving from larger to smaller territorial units). NUTS 1 is the most aggregated level. The NUTS classification has been officially established through Regulation (EC) No 1059/2003 of the European Parliament and of the Council and amendments. A non official NUTS-like classification has been defined for the EFTA countries and candidate countries. An introduction to the NUTS classification is available here: http://epp.eurostat.ec.europa.eu/portal/page/portal/nuts_nomenclature/introduction This data set has been created mainly from the EuroBoundary Map v 8.x(Eurogeographics), geographic information from TurkStat for Turkey, the Global Administrative Unit Layer from FAO (UN) for Macedonia and a list of communes per statistical region provided by the countries. Available scales are 1M, 3M, 10M, 20M, 60M). Here six scale ranges (100K, 1M, 3M, 10M and 20M, 60M) are available. Coverage is the economical territory of the EU, EFTA countries and candidate countries as in 2013. This data has been generalised from 100K scale and therfore may not be an accurate depiction of the NUTS regions.&lt;/SPAN&gt;&lt;SPAN /&gt;&lt;/P&gt;&lt;P&gt;&lt;SPAN /&gt;&lt;SPAN&gt;This feature class represents NUTS 2013 separator. A separator is a line to visually identify where the NUTS limits are in the archipelagos. Those separator lines divide the differ&lt;/SPAN&gt;&lt;SPAN&gt;en&lt;/SPAN&gt;&lt;SPAN&gt;t NUTS areas from each other.&lt;/SPAN&gt;&lt;/P&gt;&lt;/DIV&gt;&lt;/DIV&gt;&lt;/DIV&gt;</idAbs><idPoC><rpOrgName>European Commission, Eurostat (ESTAT), GISCO</rpOrgName><rpCntInfo><cntAddress><eMailAdd>estat-gisco@ec.europa.eu</eMailAdd></cntAddress></rpCntInfo><role><RoleCd value="007"/></role></idPoC><themeKeys><thesaName><resTitle>GEMET - INSPIRE themes, version 1.0</resTitle><date><pubDate>2008-01-06T00:00:00</pubDate></date></thesaName><keyword>Statistical units</keyword></themeKeys><searchKeys><keyword>Statistical units</keyword></searchKeys><resConst><LegConsts><accessConsts><RestrictCd value="008"/></accessConsts></LegConsts></resConst><resConst><Consts><useLimit>geossAttribution</useLimit></Consts></resConst><spatRpType><SpatRepTypCd value="001"/></spatRpType><dataScale><equScale><rfDenom>1000000</rfDenom></equScale><scaleDist><value uom="m"/></scaleDist></dataScale><dataLang><languageCode value="eng"/><countryCode value="GBR" Sync="TRUE"/></dataLang><dataChar><CharSetCd value="004"/></dataChar><envirDesc Sync="TRUE">Microsoft Windows 7 Version 6.1 (Build 7601) Service Pack 1; Esri ArcGIS 10.2.2.3552</envirDesc><dataExt><geoEle><GeoBndBox><exTypeCode>true</exTypeCode><westBL>-63.153455</westBL><eastBL>55.836629</eastBL><southBL>-21.387309</southBL><northBL>71.185318</northBL></GeoBndBox></geoEle><tempEle><TempExtent><exTemp><TM_Period gmlID="ID0ESZAE"><tmEnd date="unknown"/></TM_Period></exTemp></TempExtent></tempEle></dataExt><dataExt><geoEle><GeoBndBox esriExtentType="search"><exTypeCode Sync="TRUE">1</exTypeCode><westBL Sync="TRUE">-16.221817</westBL><eastBL Sync="TRUE">29.655893</eastBL><northBL Sync="TRUE">68.926192</northBL><southBL Sync="TRUE">29.861299</southBL></GeoBndBox></geoEle></dataExt><tpCat><TopicCatCd value="003"/></tpCat></dataIdInfo><dqInfo><report type="DQDomConsis"><measResult><ConResult><conSpec><resTitle>COMMISSION REGULATION (EU) No 1089/2010 of 23 November 2010 implementing Directive 2007/2/EC of the European Parliament and of the Council as regards interoperability of spatial data sets and services</resTitle><date><createDate>2010-11-11T00:00:00</createDate></date></conSpec><conExpl>See the referenced specification</conExpl><conPass>false</conPass></ConResult></measResult></report><dataLineage><statement>This dataset is based on: EuroBoundaryMap (EBM) v8.x. from EuroGeographics (scale of 1:100.000), Global Administrative Unit Layer (GAUL) 2013 country data from UN/FAO, data from the National Statistical Institute of Turkey (TurkStat), General Register Office for Scotland (GRO) (scale 1:100.000), Digital Chart of the World from ESRI for Kaliningrad, ArcWorld from ESRI for the Aral Sea, the Caspian Sea, some other borders. The different scale levels were derived by generalisation of the 100K scale. This data set consists of 2 feature classes (region polygons and boundaries) per scale level (100k, 1M, 3M, 10M, 20M, 60M). In addition there is also a label feature class (scale independent). This labelpoint feature class was created with a label inside each NUTS region at the 3 NUTS levels (1 - 3) and countries. Furthermore two line feature classes were created: one feature class for cartograhic joiners to identify where NUTS areas have one or more enclaves and a second line feature class for cartographic separators, to identify where the NUTS limits are in the sea. The arcs of two latter feature classes are only useful for cartographic purposes and are not meant to identify actual administrative or statistical boundaries stretching into the sea or any other significance. The boundaries and regions are related to each other through a relationship table. Associated tables contain basic information such as the region's name. The 5 small scale feature classes should be used exclusively for cartographic purposes. This data set is consistent at all scales with the following data sets: "Communes 2013 @ European Commission, Eurostat/GISCO", "Countries 2013, European Commission - Eurostat/GISCO", "Coastlines 2013, European Commission - Eurostat/GISCO", "Exclusive Economic Zones 2013, European Commission - Eurostat/GISCO" . Different tests were performed to ensure conceptual- , domain- and topological- consistency. Manual edits have been made to fix erros in the NUTS in Scotland caused by errros in the source EBM for UKM63 and UKM31.</statement></dataLineage></dqInfo><spatRepInfo><VectSpatRep><geometObjs Name="NUTS_SEPA_LI_2013"><geoObjTyp><GeoObjTypCd value="002" Sync="TRUE"></GeoObjTypCd></geoObjTyp><geoObjCnt Sync="TRUE">0</geoObjCnt></geometObjs><topLvl><TopoLevCd value="001" Sync="TRUE"></TopoLevCd></topLvl></VectSpatRep></spatRepInfo><refSysInfo><RefSystem><refSysID><idCodeSpace Sync="TRUE">EPSG</idCodeSpace><idVersion Sync="TRUE">8.2.6</idVersion><identCode code="4258" Sync="TRUE" value="4258"/></refSysID></RefSystem></refSysInfo><mdHrLv><ScopeCd value="005" Sync="TRUE"/></mdHrLv><spdoinfo><ptvctinf><esriterm Name="NUTS_SEPA_LI_2013"><efeatyp Sync="TRUE">Simple</efeatyp><efeageom code="3" Sync="TRUE"></efeageom><esritopo Sync="TRUE">FALSE</esritopo><efeacnt Sync="TRUE">0</efeacnt><spindex Sync="TRUE">FALSE</spindex><linrefer Sync="TRUE">FALSE</linrefer></esriterm></ptvctinf></spdoinfo></metadata>
