"TIME","GEO","UNIT","Value"
"2015","EU28","Thousand","509,677"
"2015","BE","Thousand","11,238"
"2015","BE1","Thousand","1,181"
"2015","BE10","Thousand","1,181"
"2015","BE100","Thousand","1,181"
"2015","BE2","Thousand","6,461"
"2015","BE21","Thousand","1,819"
"2015","BE211","Thousand","1,030"
"2015","BE212","Thousand","336"
"2015","BE213","Thousand","452"
"2015","BE22","Thousand","862"
"2015","BE221","Thousand","422"
"2015","BE222","Thousand","239"
"2015","BE223","Thousand","201"
"2015","BE23","Thousand","1,482"
"2015","BE231","Thousand","284"
"2015","BE232","Thousand","198"
"2015","BE233","Thousand","83"
"2015","BE234","Thousand","548"
"2015","BE235","Thousand","123"
"2015","BE236","Thousand","245"
"2015","BE24","Thousand","1,118"
"2015","BE241","Thousand","620"
"2015","BE242","Thousand","498"
"2015","BE25","Thousand","1,180"
"2015","BE251","Thousand","280"
"2015","BE252","Thousand","51"
"2015","BE253","Thousand","106"
"2015","BE254","Thousand","286"
"2015","BE255","Thousand","155"
"2015","BE256","Thousand","149"
"2015","BE257","Thousand","92"
"2015","BE258","Thousand","61"
"2015","BE3","Thousand","3,596"
"2015","BE31","Thousand","395"
"2015","BE310","Thousand","395"
"2015","BE32","Thousand","1,336"
"2015","BE321","Thousand","86"
"2015","BE322","Thousand","430"
"2015","BE323","Thousand","258"
"2015","BE324","Thousand","75"
"2015","BE325","Thousand","189"
"2015","BE326","Thousand","151"
"2015","BE327","Thousand","147"
"2015","BE33","Thousand","1,097"
"2015","BE331","Thousand","112"
"2015","BE332","Thousand","620"
"2015","BE334","Thousand","79"
"2015","BE335","Thousand","209"
"2015","BE336","Thousand","76"
"2015","BE34","Thousand","279"
"2015","BE341","Thousand","61"
"2015","BE342","Thousand","47"
"2015","BE343","Thousand","56"
"2015","BE344","Thousand","62"
"2015","BE345","Thousand","53"
"2015","BE35","Thousand","488"
"2015","BE351","Thousand","109"
"2015","BE352","Thousand","312"
"2015","BE353","Thousand","66"
"2015","BG","Thousand","7,178"
"2015","BG3","Thousand","3,614"
"2015","BG31","Thousand","791"
"2015","BG311","Thousand","92"
"2015","BG312","Thousand","138"
"2015","BG313","Thousand","174"
"2015","BG314","Thousand","254"
"2015","BG315","Thousand","133"
"2015","BG32","Thousand","820"
"2015","BG321","Thousand","246"
"2015","BG322","Thousand","115"
"2015","BG323","Thousand","227"
"2015","BG324","Thousand","118"
"2015","BG325","Thousand","114"
"2015","BG33","Thousand","947"
"2015","BG331","Thousand","473"
"2015","BG332","Thousand","182"
"2015","BG333","Thousand","176"
"2015","BG334","Thousand","116"
"2015","BG34","Thousand","1,056"
"2015","BG341","Thousand","414"
"2015","BG342","Thousand","192"
"2015","BG343","Thousand","125"
"2015","BG344","Thousand","325"
"2015","BG4","Thousand","3,564"
"2015","BG41","Thousand","2,123"
"2015","BG411","Thousand","1,318"
"2015","BG412","Thousand","238"
"2015","BG413","Thousand","314"
"2015","BG414","Thousand","126"
"2015","BG415","Thousand","127"
"2015","BG42","Thousand","1,441"
"2015","BG421","Thousand","674"
"2015","BG422","Thousand","237"
"2015","BG423","Thousand","265"
"2015","BG424","Thousand","113"
"2015","BG425","Thousand","152"
"2015","BGZ","Thousand",":"
"2015","BGZZ","Thousand",":"
"2015","BGZZZ","Thousand",":"
"2015","CZ","Thousand","10,543"
"2015","CZ0","Thousand","10,543"
"2015","CZ01","Thousand","1,263"
"2015","CZ010","Thousand","1,263"
"2015","CZ02","Thousand","1,321"
"2015","CZ020","Thousand","1,321"
"2015","CZ03","Thousand","1,213"
"2015","CZ031","Thousand","637"
"2015","CZ032","Thousand","576"
"2015","CZ04","Thousand","1,122"
"2015","CZ041","Thousand","299"
"2015","CZ042","Thousand","823"
"2015","CZ05","Thousand","1,507"
"2015","CZ051","Thousand","439"
"2015","CZ052","Thousand","551"
"2015","CZ053","Thousand","516"
"2015","CZ06","Thousand","1,683"
"2015","CZ063","Thousand","510"
"2015","CZ064","Thousand","1,174"
"2015","CZ07","Thousand","1,220"
"2015","CZ071","Thousand","635"
"2015","CZ072","Thousand","585"
"2015","CZ08","Thousand","1,215"
"2015","CZ080","Thousand","1,215"
"2015","DK","Thousand","5,682"
"2015","DK0","Thousand","5,682"
"2015","DK01","Thousand","1,778"
"2015","DK011","Thousand","746"
"2015","DK012","Thousand","537"
"2015","DK013","Thousand","455"
"2015","DK014","Thousand","40"
"2015","DK02","Thousand","824"
"2015","DK021","Thousand","243"
"2015","DK022","Thousand","581"
"2015","DK03","Thousand","1,209"
"2015","DK031","Thousand","490"
"2015","DK032","Thousand","719"
"2015","DK04","Thousand","1,288"
"2015","DK041","Thousand","427"
"2015","DK042","Thousand","861"
"2015","DK05","Thousand","584"
"2015","DK050","Thousand","584"
"2015","DKZ","Thousand","0"
"2015","DKZZ","Thousand","0"
"2015","DKZZZ","Thousand","0"
"2015","DE","Thousand","81,687"
"2015","DE1","Thousand","10,798"
"2015","DE11","Thousand","4,039"
"2015","DE111","Thousand","618"
"2015","DE112","Thousand","378"
"2015","DE113","Thousand","520"
"2015","DE114","Thousand","251"
"2015","DE115","Thousand","530"
"2015","DE116","Thousand","417"
"2015","DE117","Thousand","121"
"2015","DE118","Thousand","332"
"2015","DE119","Thousand","109"
"2015","DE11A","Thousand","190"
"2015","DE11B","Thousand","131"
"2015","DE11C","Thousand","130"
"2015","DE11D","Thousand","310"
"2015","DE12","Thousand","2,742"
"2015","DE121","Thousand","54"
"2015","DE122","Thousand","304"
"2015","DE123","Thousand","434"
"2015","DE124","Thousand","226"
"2015","DE125","Thousand","155"
"2015","DE126","Thousand","303"
"2015","DE127","Thousand","142"
"2015","DE128","Thousand","538"
"2015","DE129","Thousand","121"
"2015","DE12A","Thousand","154"
"2015","DE12B","Thousand","195"
"2015","DE12C","Thousand","116"
"2015","DE13","Thousand","2,208"
"2015","DE131","Thousand","224"
"2015","DE132","Thousand","255"
"2015","DE133","Thousand","161"
"2015","DE134","Thousand","418"
"2015","DE135","Thousand","137"
"2015","DE136","Thousand","208"
"2015","DE137","Thousand","136"
"2015","DE138","Thousand","278"
"2015","DE139","Thousand","225"
"2015","DE13A","Thousand","167"
"2015","DE14","Thousand","1,810"
"2015","DE141","Thousand","280"
"2015","DE142","Thousand","220"
"2015","DE143","Thousand","187"
"2015","DE144","Thousand","122"
"2015","DE145","Thousand","191"
"2015","DE146","Thousand","192"
"2015","DE147","Thousand","211"
"2015","DE148","Thousand","277"
"2015","DE149","Thousand","129"
"2015","DE2","Thousand","12,768"
"2015","DE21","Thousand","4,554"
"2015","DE211","Thousand","132"
"2015","DE212","Thousand","1,440"
"2015","DE213","Thousand","61"
"2015","DE214","Thousand","108"
"2015","DE215","Thousand","103"
"2015","DE216","Thousand","124"
"2015","DE217","Thousand","148"
"2015","DE218","Thousand","136"
"2015","DE219","Thousand","128"
"2015","DE21A","Thousand","133"
"2015","DE21B","Thousand","172"
"2015","DE21C","Thousand","212"
"2015","DE21D","Thousand","87"
"2015","DE21E","Thousand","117"
"2015","DE21F","Thousand","98"
"2015","DE21G","Thousand","111"
"2015","DE21H","Thousand","336"
"2015","DE21I","Thousand","94"
"2015","DE21J","Thousand","123"
"2015","DE21K","Thousand","254"
"2015","DE21L","Thousand","133"
"2015","DE21M","Thousand","173"
"2015","DE21N","Thousand","132"
"2015","DE22","Thousand","1,205"
"2015","DE221","Thousand","68"
"2015","DE222","Thousand","50"
"2015","DE223","Thousand","46"
"2015","DE224","Thousand","116"
"2015","DE225","Thousand","78"
"2015","DE226","Thousand","118"
"2015","DE227","Thousand","153"
"2015","DE228","Thousand","187"
"2015","DE229","Thousand","77"
"2015","DE22A","Thousand","119"
"2015","DE22B","Thousand","98"
"2015","DE22C","Thousand","94"
"2015","DE23","Thousand","1,088"
"2015","DE231","Thousand","42"
"2015","DE232","Thousand","144"
"2015","DE233","Thousand","42"
"2015","DE234","Thousand","103"
"2015","DE235","Thousand","126"
"2015","DE236","Thousand","130"
"2015","DE237","Thousand","95"
"2015","DE238","Thousand","188"
"2015","DE239","Thousand","144"
"2015","DE23A","Thousand","73"
"2015","DE24","Thousand","1,058"
"2015","DE241","Thousand","73"
"2015","DE242","Thousand","72"
"2015","DE243","Thousand","41"
"2015","DE244","Thousand","44"
"2015","DE245","Thousand","145"
"2015","DE246","Thousand","104"
"2015","DE247","Thousand","87"
"2015","DE248","Thousand","114"
"2015","DE249","Thousand","97"
"2015","DE24A","Thousand","68"
"2015","DE24B","Thousand","73"
"2015","DE24C","Thousand","67"
"2015","DE24D","Thousand","73"
"2015","DE25","Thousand","1,727"
"2015","DE251","Thousand","41"
"2015","DE252","Thousand","107"
"2015","DE253","Thousand","123"
"2015","DE254","Thousand","506"
"2015","DE255","Thousand","40"
"2015","DE256","Thousand","180"
"2015","DE257","Thousand","133"
"2015","DE258","Thousand","114"
"2015","DE259","Thousand","167"
"2015","DE25A","Thousand","98"
"2015","DE25B","Thousand","125"
"2015","DE25C","Thousand","93"
"2015","DE26","Thousand","1,302"
"2015","DE261","Thousand","69"
"2015","DE262","Thousand","52"
"2015","DE263","Thousand","125"
"2015","DE264","Thousand","173"
"2015","DE265","Thousand","103"
"2015","DE266","Thousand","80"
"2015","DE267","Thousand","84"
"2015","DE268","Thousand","89"
"2015","DE269","Thousand","128"
"2015","DE26A","Thousand","126"
"2015","DE26B","Thousand","114"
"2015","DE26C","Thousand","160"
"2015","DE27","Thousand","1,834"
"2015","DE271","Thousand","284"
"2015","DE272","Thousand","42"
"2015","DE273","Thousand","66"
"2015","DE274","Thousand","43"
"2015","DE275","Thousand","130"
"2015","DE276","Thousand","244"
"2015","DE277","Thousand","94"
"2015","DE278","Thousand","122"
"2015","DE279","Thousand","169"
"2015","DE27A","Thousand","80"
"2015","DE27B","Thousand","137"
"2015","DE27C","Thousand","140"
"2015","DE27D","Thousand","131"
"2015","DE27E","Thousand","152"
"2015","DE3","Thousand","3,495"
"2015","DE30","Thousand","3,495"
"2015","DE300","Thousand","3,495"
"2015","DE4","Thousand","2,471"
"2015","DE40","Thousand","2,471"
"2015","DE401","Thousand","71"
"2015","DE402","Thousand","100"
"2015","DE403","Thousand","58"
"2015","DE404","Thousand","166"
"2015","DE405","Thousand","176"
"2015","DE406","Thousand","163"
"2015","DE407","Thousand","105"
"2015","DE408","Thousand","157"
"2015","DE409","Thousand","190"
"2015","DE40A","Thousand","206"
"2015","DE40B","Thousand","113"
"2015","DE40C","Thousand","180"
"2015","DE40D","Thousand","99"
"2015","DE40E","Thousand","209"
"2015","DE40F","Thousand","78"
"2015","DE40G","Thousand","118"
"2015","DE40H","Thousand","163"
"2015","DE40I","Thousand","121"
"2015","DE5","Thousand","667"
"2015","DE50","Thousand","667"
"2015","DE501","Thousand","555"
"2015","DE502","Thousand","112"
"2015","DE6","Thousand","1,775"
"2015","DE60","Thousand","1,775"
"2015","DE600","Thousand","1,775"
"2015","DE7","Thousand","6,135"
"2015","DE71","Thousand","3,893"
"2015","DE711","Thousand","154"
"2015","DE712","Thousand","725"
"2015","DE713","Thousand","122"
"2015","DE714","Thousand","276"
"2015","DE715","Thousand","265"
"2015","DE716","Thousand","290"
"2015","DE717","Thousand","263"
"2015","DE718","Thousand","232"
"2015","DE719","Thousand","410"
"2015","DE71A","Thousand","231"
"2015","DE71B","Thousand","97"
"2015","DE71C","Thousand","345"
"2015","DE71D","Thousand","183"
"2015","DE71E","Thousand","300"
"2015","DE72","Thousand","1,035"
"2015","DE721","Thousand","261"
"2015","DE722","Thousand","252"
"2015","DE723","Thousand","171"
"2015","DE724","Thousand","243"
"2015","DE725","Thousand","107"
"2015","DE73","Thousand","1,207"
"2015","DE731","Thousand","196"
"2015","DE732","Thousand","219"
"2015","DE733","Thousand","120"
"2015","DE734","Thousand","235"
"2015","DE735","Thousand","180"
"2015","DE736","Thousand","157"
"2015","DE737","Thousand","100"
"2015","DE8","Thousand","1,606"
"2015","DE80","Thousand","1,606"
"2015","DE803","Thousand","205"
"2015","DE804","Thousand","94"
"2015","DE80J","Thousand","262"
"2015","DE80K","Thousand","213"
"2015","DE80L","Thousand","224"
"2015","DE80M","Thousand","156"
"2015","DE80N","Thousand","238"
"2015","DE80O","Thousand","213"
"2015","DE9","Thousand","7,877"
"2015","DE91","Thousand","1,589"
"2015","DE911","Thousand","250"
"2015","DE912","Thousand","100"
"2015","DE913","Thousand","124"
"2015","DE914","Thousand","173"
"2015","DE915","Thousand","253"
"2015","DE916","Thousand","138"
"2015","DE917","Thousand","91"
"2015","DE918","Thousand","134"
"2015","DE919","Thousand","74"
"2015","DE91A","Thousand","131"
"2015","DE91B","Thousand","121"
"2015","DE92","Thousand","2,120"
"2015","DE922","Thousand","213"
"2015","DE923","Thousand","148"
"2015","DE925","Thousand","276"
"2015","DE926","Thousand","72"
"2015","DE927","Thousand","120"
"2015","DE928","Thousand","156"
"2015","DE929","Thousand","1,136"
"2015","DE93","Thousand","1,689"
"2015","DE931","Thousand","177"
"2015","DE932","Thousand","197"
"2015","DE933","Thousand","247"
"2015","DE934","Thousand","49"
"2015","DE935","Thousand","179"
"2015","DE936","Thousand","113"
"2015","DE937","Thousand","163"
"2015","DE938","Thousand","138"
"2015","DE939","Thousand","199"
"2015","DE93A","Thousand","93"
"2015","DE93B","Thousand","134"
"2015","DE94","Thousand","2,479"
"2015","DE941","Thousand","76"
"2015","DE942","Thousand","50"
"2015","DE943","Thousand","162"
"2015","DE944","Thousand","160"
"2015","DE945","Thousand","76"
"2015","DE946","Thousand","121"
"2015","DE947","Thousand","189"
"2015","DE948","Thousand","164"
"2015","DE949","Thousand","318"
"2015","DE94A","Thousand","97"
"2015","DE94B","Thousand","135"
"2015","DE94C","Thousand","167"
"2015","DE94D","Thousand","128"
"2015","DE94E","Thousand","355"
"2015","DE94F","Thousand","137"
"2015","DE94G","Thousand","89"
"2015","DE94H","Thousand","57"
"2015","DEA","Thousand","17,752"
"2015","DEA1","Thousand","5,141"
"2015","DEA11","Thousand","608"
"2015","DEA12","Thousand","488"
"2015","DEA13","Thousand","578"
"2015","DEA14","Thousand","224"
"2015","DEA15","Thousand","258"
"2015","DEA16","Thousand","168"
"2015","DEA17","Thousand","210"
"2015","DEA18","Thousand","109"
"2015","DEA19","Thousand","158"
"2015","DEA1A","Thousand","348"
"2015","DEA1B","Thousand","308"
"2015","DEA1C","Thousand","481"
"2015","DEA1D","Thousand","446"
"2015","DEA1E","Thousand","296"
"2015","DEA1F","Thousand","460"
"2015","DEA2","Thousand","4,392"
"2015","DEA22","Thousand","316"
"2015","DEA23","Thousand","1,054"
"2015","DEA24","Thousand","163"
"2015","DEA26","Thousand","261"
"2015","DEA27","Thousand","463"
"2015","DEA28","Thousand","190"
"2015","DEA29","Thousand","251"
"2015","DEA2A","Thousand","272"
"2015","DEA2B","Thousand","281"
"2015","DEA2C","Thousand","591"
"2015","DEA2D","Thousand","551"
"2015","DEA3","Thousand","2,597"
"2015","DEA31","Thousand","117"
"2015","DEA32","Thousand","259"
"2015","DEA33","Thousand","306"
"2015","DEA34","Thousand","367"
"2015","DEA35","Thousand","217"
"2015","DEA36","Thousand","615"
"2015","DEA37","Thousand","440"
"2015","DEA38","Thousand","275"
"2015","DEA4","Thousand","2,044"
"2015","DEA41","Thousand","331"
"2015","DEA42","Thousand","358"
"2015","DEA43","Thousand","251"
"2015","DEA44","Thousand","143"
"2015","DEA45","Thousand","348"
"2015","DEA46","Thousand","311"
"2015","DEA47","Thousand","302"
"2015","DEA5","Thousand","3,578"
"2015","DEA51","Thousand","363"
"2015","DEA52","Thousand","583"
"2015","DEA53","Thousand","188"
"2015","DEA54","Thousand","178"
"2015","DEA55","Thousand","155"
"2015","DEA56","Thousand","324"
"2015","DEA57","Thousand","263"
"2015","DEA58","Thousand","415"
"2015","DEA59","Thousand","136"
"2015","DEA5A","Thousand","278"
"2015","DEA5B","Thousand","300"
"2015","DEA5C","Thousand","394"
"2015","DEB","Thousand","4,032"
"2015","DEB1","Thousand","1,483"
"2015","DEB11","Thousand","112"
"2015","DEB12","Thousand","127"
"2015","DEB13","Thousand","129"
"2015","DEB14","Thousand","156"
"2015","DEB15","Thousand","81"
"2015","DEB16","Thousand","62"
"2015","DEB17","Thousand","211"
"2015","DEB18","Thousand","180"
"2015","DEB19","Thousand","102"
"2015","DEB1A","Thousand","123"
"2015","DEB1B","Thousand","200"
"2015","DEB2","Thousand","527"
"2015","DEB21","Thousand","112"
"2015","DEB22","Thousand","111"
"2015","DEB23","Thousand","97"
"2015","DEB24","Thousand","61"
"2015","DEB25","Thousand","147"
"2015","DEB3","Thousand","2,022"
"2015","DEB31","Thousand","48"
"2015","DEB32","Thousand","98"
"2015","DEB33","Thousand","45"
"2015","DEB34","Thousand","164"
"2015","DEB35","Thousand","208"
"2015","DEB36","Thousand","53"
"2015","DEB37","Thousand","40"
"2015","DEB38","Thousand","50"
"2015","DEB39","Thousand","82"
"2015","DEB3A","Thousand","34"
"2015","DEB3B","Thousand","127"
"2015","DEB3C","Thousand","132"
"2015","DEB3D","Thousand","75"
"2015","DEB3E","Thousand","127"
"2015","DEB3F","Thousand","105"
"2015","DEB3G","Thousand","71"
"2015","DEB3H","Thousand","110"
"2015","DEB3I","Thousand","151"
"2015","DEB3J","Thousand","207"
"2015","DEB3K","Thousand","96"
"2015","DEC","Thousand","992"
"2015","DEC0","Thousand","992"
"2015","DEC01","Thousand","326"
"2015","DEC02","Thousand","103"
"2015","DEC03","Thousand","133"
"2015","DEC04","Thousand","196"
"2015","DEC05","Thousand","144"
"2015","DEC06","Thousand","89"
"2015","DED","Thousand","4,070"
"2015","DED2","Thousand","1,598"
"2015","DED21","Thousand","540"
"2015","DED2C","Thousand","306"
"2015","DED2D","Thousand","260"
"2015","DED2E","Thousand","244"
"2015","DED2F","Thousand","247"
"2015","DED4","Thousand","1,464"
"2015","DED41","Thousand","246"
"2015","DED42","Thousand","349"
"2015","DED43","Thousand","313"
"2015","DED44","Thousand","232"
"2015","DED45","Thousand","325"
"2015","DED5","Thousand","1,008"
"2015","DED51","Thousand","552"
"2015","DED52","Thousand","258"
"2015","DED53","Thousand","197"
"2015","DEE","Thousand","2,241"
"2015","DEE0","Thousand","2,241"
"2015","DEE01","Thousand","83"
"2015","DEE02","Thousand","235"
"2015","DEE03","Thousand","234"
"2015","DEE04","Thousand","86"
"2015","DEE05","Thousand","165"
"2015","DEE06","Thousand","92"
"2015","DEE07","Thousand","173"
"2015","DEE08","Thousand","184"
"2015","DEE09","Thousand","220"
"2015","DEE0A","Thousand","142"
"2015","DEE0B","Thousand","186"
"2015","DEE0C","Thousand","197"
"2015","DEE0D","Thousand","115"
"2015","DEE0E","Thousand","129"
"2015","DEF","Thousand","2,845"
"2015","DEF0","Thousand","2,845"
"2015","DEF01","Thousand","85"
"2015","DEF02","Thousand","245"
"2015","DEF03","Thousand","215"
"2015","DEF04","Thousand","78"
"2015","DEF05","Thousand","133"
"2015","DEF06","Thousand","192"
"2015","DEF07","Thousand","163"
"2015","DEF08","Thousand","199"
"2015","DEF09","Thousand","306"
"2015","DEF0A","Thousand","128"
"2015","DEF0B","Thousand","270"
"2015","DEF0C","Thousand","196"
"2015","DEF0D","Thousand","266"
"2015","DEF0E","Thousand","131"
"2015","DEF0F","Thousand","238"
"2015","DEG","Thousand","2,164"
"2015","DEG0","Thousand","2,164"
"2015","DEG01","Thousand","208"
"2015","DEG02","Thousand","95"
"2015","DEG03","Thousand","109"
"2015","DEG04","Thousand","36"
"2015","DEG05","Thousand","64"
"2015","DEG06","Thousand","101"
"2015","DEG07","Thousand","85"
"2015","DEG09","Thousand","105"
"2015","DEG0A","Thousand","77"
"2015","DEG0B","Thousand","125"
"2015","DEG0C","Thousand","136"
"2015","DEG0D","Thousand","71"
"2015","DEG0E","Thousand","65"
"2015","DEG0F","Thousand","109"
"2015","DEG0G","Thousand","82"
"2015","DEG0H","Thousand","57"
"2015","DEG0I","Thousand","109"
"2015","DEG0J","Thousand","85"
"2015","DEG0K","Thousand","83"
"2015","DEG0L","Thousand","101"
"2015","DEG0M","Thousand","93"
"2015","DEG0N","Thousand","42"
"2015","DEG0P","Thousand","126"
"2015","DEZ","Thousand",":"
"2015","DEZZ","Thousand",":"
"2015","DEZZZ","Thousand",":"
"2015","EE","Thousand","1,313"
"2015","EE0","Thousand","1,313"
"2015","EE00","Thousand","1,313"
"2015","EE001","Thousand","575"
"2015","EE004","Thousand","148"
"2015","EE006","Thousand","124"
"2015","EE007","Thousand","147"
"2015","EE008","Thousand","318"
"2015","IE","Thousand","4,642"
"2015","IE0","Thousand","4,642"
"2015","IE01","Thousand","1,250"
"2015","IE011","Thousand","517"
"2015","IE012","Thousand","291"
"2015","IE013","Thousand","442"
"2015","IE02","Thousand","3,392"
"2015","IE021","Thousand","1,273"
"2015","IE022","Thousand","552"
"2015","IE023","Thousand","384"
"2015","IE024","Thousand","504"
"2015","IE025","Thousand","679"
"2015","EL","Thousand","10,821"
"2015","EL5","Thousand","3,107"
"2015","EL51","Thousand","606"
"2015","EL511","Thousand","148"
"2015","EL512","Thousand","112"
"2015","EL513","Thousand","112"
"2015","EL514","Thousand","97"
"2015","EL515","Thousand","136"
"2015","EL52","Thousand","1,889"
"2015","EL521","Thousand","142"
"2015","EL522","Thousand","1,114"
"2015","EL523","Thousand","80"
"2015","EL524","Thousand","139"
"2015","EL525","Thousand","131"
"2015","EL526","Thousand","172"
"2015","EL527","Thousand","110"
"2015","EL53","Thousand","275"
"2015","EL531","Thousand","176"
"2015","EL532","Thousand","49"
"2015","EL533","Thousand","51"
"2015","EL54","Thousand","338"
"2015","EL541","Thousand","124"
"2015","EL542","Thousand","45"
"2015","EL543","Thousand","169"
"2015","EL6","Thousand","2,748"
"2015","EL61","Thousand","732"
"2015","EL611","Thousand","241"
"2015","EL612","Thousand","285"
"2015","EL613","Thousand","206"
"2015","EL62","Thousand","207"
"2015","EL621","Thousand","40"
"2015","EL622","Thousand","103"
"2015","EL623","Thousand","39"
"2015","EL624","Thousand","24"
"2015","EL63","Thousand","671"
"2015","EL631","Thousand","207"
"2015","EL632","Thousand","306"
"2015","EL633","Thousand","158"
"2015","EL64","Thousand","557"
"2015","EL641","Thousand","120"
"2015","EL642","Thousand","214"
"2015","EL643","Thousand","20"
"2015","EL644","Thousand","161"
"2015","EL645","Thousand","42"
"2015","EL65","Thousand","582"
"2015","EL651","Thousand","182"
"2015","EL652","Thousand","149"
"2015","EL653","Thousand","251"
"2015","EL3","Thousand","3,802"
"2015","EL30","Thousand","3,802"
"2015","EL301","Thousand","595"
"2015","EL302","Thousand","483"
"2015","EL303","Thousand","951"
"2015","EL304","Thousand","532"
"2015","EL305","Thousand","551"
"2015","EL306","Thousand","176"
"2015","EL307","Thousand","514"
"2015","EL4","Thousand","1,164"
"2015","EL41","Thousand","197"
"2015","EL411","Thousand","102"
"2015","EL412","Thousand","42"
"2015","EL413","Thousand","53"
"2015","EL42","Thousand","335"
"2015","EL421","Thousand","208"
"2015","EL422","Thousand","127"
"2015","EL43","Thousand","632"
"2015","EL431","Thousand","311"
"2015","EL432","Thousand","75"
"2015","EL433","Thousand","87"
"2015","EL434","Thousand","159"
"2015","ES","Thousand","46,410"
"2015","ES1","Thousand","4,353"
"2015","ES11","Thousand","2,725"
"2015","ES111","Thousand","1,125"
"2015","ES112","Thousand","337"
"2015","ES113","Thousand","316"
"2015","ES114","Thousand","946"
"2015","ES12","Thousand","1,044"
"2015","ES120","Thousand","1,044"
"2015","ES13","Thousand","583"
"2015","ES130","Thousand","583"
"2015","ES2","Thousand","4,434"
"2015","ES21","Thousand","2,163"
"2015","ES211","Thousand","321"
"2015","ES212","Thousand","707"
"2015","ES213","Thousand","1,135"
"2015","ES22","Thousand","636"
"2015","ES220","Thousand","636"
"2015","ES23","Thousand","313"
"2015","ES230","Thousand","313"
"2015","ES24","Thousand","1,322"
"2015","ES241","Thousand","221"
"2015","ES242","Thousand","137"
"2015","ES243","Thousand","964"
"2015","ES3","Thousand","6,401"
"2015","ES30","Thousand","6,401"
"2015","ES300","Thousand","6,401"
"2015","ES4","Thousand","5,606"
"2015","ES41","Thousand","2,464"
"2015","ES411","Thousand","164"
"2015","ES412","Thousand","361"
"2015","ES413","Thousand","477"
"2015","ES414","Thousand","165"
"2015","ES415","Thousand","340"
"2015","ES416","Thousand","157"
"2015","ES417","Thousand","91"
"2015","ES418","Thousand","526"
"2015","ES419","Thousand","183"
"2015","ES42","Thousand","2,054"
"2015","ES421","Thousand","394"
"2015","ES422","Thousand","511"
"2015","ES423","Thousand","205"
"2015","ES424","Thousand","254"
"2015","ES425","Thousand","690"
"2015","ES43","Thousand","1,088"
"2015","ES431","Thousand","684"
"2015","ES432","Thousand","404"
"2015","ES5","Thousand","13,457"
"2015","ES51","Thousand","7,396"
"2015","ES511","Thousand","5,434"
"2015","ES512","Thousand","740"
"2015","ES513","Thousand","430"
"2015","ES514","Thousand","792"
"2015","ES52","Thousand","4,931"
"2015","ES521","Thousand","1,840"
"2015","ES522","Thousand","572"
"2015","ES523","Thousand","2,519"
"2015","ES53","Thousand","1,130"
"2015","ES531","Thousand","158"
"2015","ES532","Thousand","879"
"2015","ES533","Thousand","93"
"2015","ES6","Thousand","10,031"
"2015","ES61","Thousand","8,398"
"2015","ES611","Thousand","694"
"2015","ES612","Thousand","1,248"
"2015","ES613","Thousand","793"
"2015","ES614","Thousand","918"
"2015","ES615","Thousand","522"
"2015","ES616","Thousand","649"
"2015","ES617","Thousand","1,635"
"2015","ES618","Thousand","1,940"
"2015","ES62","Thousand","1,464"
"2015","ES620","Thousand","1,464"
"2015","ES63","Thousand","84"
"2015","ES630","Thousand","84"
"2015","ES64","Thousand","85"
"2015","ES640","Thousand","85"
"2015","ES7","Thousand","2,128"
"2015","ES70","Thousand","2,128"
"2015","ES703","Thousand","11"
"2015","ES704","Thousand","111"
"2015","ES705","Thousand","854"
"2015","ES706","Thousand","21"
"2015","ES707","Thousand","83"
"2015","ES708","Thousand","142"
"2015","ES709","Thousand","906"
"2015","ESZ","Thousand","0"
"2015","ESZZ","Thousand","0"
"2015","ESZZZ","Thousand","0"
"2015","FR","Thousand","66,590"
"2015","FR1","Thousand","12,110"
"2015","FR10","Thousand","12,110"
"2015","FR101","Thousand","2,200"
"2015","FR102","Thousand","1,396"
"2015","FR103","Thousand","1,429"
"2015","FR104","Thousand","1,283"
"2015","FR105","Thousand","1,604"
"2015","FR106","Thousand","1,602"
"2015","FR107","Thousand","1,377"
"2015","FR108","Thousand","1,220"
"2015","FR2","Thousand","10,830"
"2015","FR21","Thousand","1,337"
"2015","FR211","Thousand","277"
"2015","FR212","Thousand","310"
"2015","FR213","Thousand","573"
"2015","FR214","Thousand","179"
"2015","FR22","Thousand","1,933"
"2015","FR221","Thousand","538"
"2015","FR222","Thousand","823"
"2015","FR223","Thousand","572"
"2015","FR23","Thousand","1,861"
"2015","FR231","Thousand","603"
"2015","FR232","Thousand","1,258"
"2015","FR24","Thousand","2,579"
"2015","FR241","Thousand","308"
"2015","FR242","Thousand","434"
"2015","FR243","Thousand","223"
"2015","FR244","Thousand","606"
"2015","FR245","Thousand","333"
"2015","FR246","Thousand","675"
"2015","FR25","Thousand","1,479"
"2015","FR251","Thousand","694"
"2015","FR252","Thousand","499"
"2015","FR253","Thousand","286"
"2015","FR26","Thousand","1,640"
"2015","FR261","Thousand","534"
"2015","FR262","Thousand","211"
"2015","FR263","Thousand","555"
"2015","FR264","Thousand","341"
"2015","FR3","Thousand","4,080"
"2015","FR30","Thousand","4,080"
"2015","FR301","Thousand","2,607"
"2015","FR302","Thousand","1,473"
"2015","FR4","Thousand","5,400"
"2015","FR41","Thousand","2,339"
"2015","FR411","Thousand","734"
"2015","FR412","Thousand","190"
"2015","FR413","Thousand","1,044"
"2015","FR414","Thousand","371"
"2015","FR42","Thousand","1,882"
"2015","FR421","Thousand","1,118"
"2015","FR422","Thousand","764"
"2015","FR43","Thousand","1,180"
"2015","FR431","Thousand","538"
"2015","FR432","Thousand","260"
"2015","FR433","Thousand","237"
"2015","FR434","Thousand","144"
"2015","FR5","Thousand","8,837"
"2015","FR51","Thousand","3,730"
"2015","FR511","Thousand","1,373"
"2015","FR512","Thousand","812"
"2015","FR513","Thousand","308"
"2015","FR514","Thousand","568"
"2015","FR515","Thousand","669"
"2015","FR52","Thousand","3,301"
"2015","FR521","Thousand","598"
"2015","FR522","Thousand","908"
"2015","FR523","Thousand","1,048"
"2015","FR524","Thousand","746"
"2015","FR53","Thousand","1,805"
"2015","FR531","Thousand","353"
"2015","FR532","Thousand","641"
"2015","FR533","Thousand","375"
"2015","FR534","Thousand","435"
"2015","FR6","Thousand","7,134"
"2015","FR61","Thousand","3,383"
"2015","FR611","Thousand","415"
"2015","FR612","Thousand","1,559"
"2015","FR613","Thousand","405"
"2015","FR614","Thousand","333"
"2015","FR615","Thousand","671"
"2015","FR62","Thousand","3,013"
"2015","FR621","Thousand","153"
"2015","FR622","Thousand","279"
"2015","FR623","Thousand","1,344"
"2015","FR624","Thousand","191"
"2015","FR625","Thousand","173"
"2015","FR626","Thousand","228"
"2015","FR627","Thousand","388"
"2015","FR628","Thousand","257"
"2015","FR63","Thousand","737"
"2015","FR631","Thousand","242"
"2015","FR632","Thousand","120"
"2015","FR633","Thousand","376"
"2015","FR7","Thousand","7,905"
"2015","FR71","Thousand","6,542"
"2015","FR711","Thousand","635"
"2015","FR712","Thousand","325"
"2015","FR713","Thousand","507"
"2015","FR714","Thousand","1,255"
"2015","FR715","Thousand","760"
"2015","FR716","Thousand","1,832"
"2015","FR717","Thousand","429"
"2015","FR718","Thousand","800"
"2015","FR72","Thousand","1,363"
"2015","FR721","Thousand","341"
"2015","FR722","Thousand","146"
"2015","FR723","Thousand","227"
"2015","FR724","Thousand","649"
"2015","FR8","Thousand","8,131"
"2015","FR81","Thousand","2,784"
"2015","FR811","Thousand","368"
"2015","FR812","Thousand","740"
"2015","FR813","Thousand","1,127"
"2015","FR814","Thousand","76"
"2015","FR815","Thousand","473"
"2015","FR82","Thousand","5,018"
"2015","FR821","Thousand","162"
"2015","FR822","Thousand","141"
"2015","FR823","Thousand","1,082"
"2015","FR824","Thousand","2,021"
"2015","FR825","Thousand","1,053"
"2015","FR826","Thousand","559"
"2015","FR83","Thousand","329"
"2015","FR831","Thousand","154"
"2015","FR832","Thousand","175"
"2015","FRA","Thousand","2,164"
"2015","FRA1","Thousand","433"
"2015","FRA10","Thousand","433"
"2015","FRA2","Thousand","379"
"2015","FRA20","Thousand","379"
"2015","FRA3","Thousand","263"
"2015","FRA30","Thousand","263"
"2015","FRA4","Thousand","853"
"2015","FRA40","Thousand","853"
"2015","FRA5","Thousand","235"
"2015","FRA50","Thousand","235"
"2015","HR","Thousand","4,201"
"2015","HR0","Thousand","4,201"
"2015","HR03","Thousand","1,386"
"2015","HR031","Thousand","291"
"2015","HR032","Thousand","49"
"2015","HR033","Thousand","168"
"2015","HR034","Thousand","106"
"2015","HR035","Thousand","447"
"2015","HR036","Thousand","205"
"2015","HR037","Thousand","120"
"2015","HR04","Thousand","2,815"
"2015","HR041","Thousand","779"
"2015","HR042","Thousand","312"
"2015","HR043","Thousand","130"
"2015","HR044","Thousand","172"
"2015","HR045","Thousand","113"
"2015","HR046","Thousand","112"
"2015","HR047","Thousand","117"
"2015","HR048","Thousand","83"
"2015","HR049","Thousand","76"
"2015","HR04A","Thousand","155"
"2015","HR04B","Thousand","298"
"2015","HR04C","Thousand","175"
"2015","HR04D","Thousand","126"
"2015","HR04E","Thousand","168"
"2015","IT","Thousand","60,731"
"2015","ITC","Thousand","16,125"
"2015","ITC1","Thousand","4,414"
"2015","ITC11","Thousand","2,287"
"2015","ITC12","Thousand","176"
"2015","ITC13","Thousand","180"
"2015","ITC14","Thousand","161"
"2015","ITC15","Thousand","371"
"2015","ITC16","Thousand","591"
"2015","ITC17","Thousand","218"
"2015","ITC18","Thousand","430"
"2015","ITC2","Thousand","128"
"2015","ITC20","Thousand","128"
"2015","ITC3","Thousand","1,577"
"2015","ITC31","Thousand","216"
"2015","ITC32","Thousand","282"
"2015","ITC33","Thousand","858"
"2015","ITC34","Thousand","221"
"2015","ITC4","Thousand","10,005"
"2015","ITC41","Thousand","890"
"2015","ITC42","Thousand","600"
"2015","ITC43","Thousand","340"
"2015","ITC44","Thousand","182"
"2015","ITC46","Thousand","1,109"
"2015","ITC47","Thousand","1,265"
"2015","ITC48","Thousand","548"
"2015","ITC49","Thousand","230"
"2015","ITC4A","Thousand","361"
"2015","ITC4B","Thousand","414"
"2015","ITC4C","Thousand","3,203"
"2015","ITC4D","Thousand","865"
"2015","ITH","Thousand","11,652"
"2015","ITH1","Thousand","520"
"2015","ITH10","Thousand","520"
"2015","ITH2","Thousand","538"
"2015","ITH20","Thousand","538"
"2015","ITH3","Thousand","4,921"
"2015","ITH31","Thousand","923"
"2015","ITH32","Thousand","869"
"2015","ITH33","Thousand","207"
"2015","ITH34","Thousand","886"
"2015","ITH35","Thousand","857"
"2015","ITH36","Thousand","938"
"2015","ITH37","Thousand","242"
"2015","ITH4","Thousand","1,224"
"2015","ITH41","Thousand","313"
"2015","ITH42","Thousand","535"
"2015","ITH43","Thousand","141"
"2015","ITH44","Thousand","236"
"2015","ITH5","Thousand","4,449"
"2015","ITH51","Thousand","288"
"2015","ITH52","Thousand","447"
"2015","ITH53","Thousand","533"
"2015","ITH54","Thousand","702"
"2015","ITH55","Thousand","1,005"
"2015","ITH56","Thousand","353"
"2015","ITH57","Thousand","392"
"2015","ITH58","Thousand","395"
"2015","ITH59","Thousand","335"
"2015","ITI","Thousand","12,079"
"2015","ITI1","Thousand","3,749"
"2015","ITI11","Thousand","199"
"2015","ITI12","Thousand","392"
"2015","ITI13","Thousand","292"
"2015","ITI14","Thousand","1,013"
"2015","ITI15","Thousand","253"
"2015","ITI16","Thousand","339"
"2015","ITI17","Thousand","421"
"2015","ITI18","Thousand","346"
"2015","ITI19","Thousand","270"
"2015","ITI1A","Thousand","224"
"2015","ITI2","Thousand","893"
"2015","ITI21","Thousand","663"
"2015","ITI22","Thousand","230"
"2015","ITI3","Thousand","1,547"
"2015","ITI31","Thousand","363"
"2015","ITI32","Thousand","477"
"2015","ITI33","Thousand","321"
"2015","ITI34","Thousand","211"
"2015","ITI35","Thousand","176"
"2015","ITI4","Thousand","5,890"
"2015","ITI41","Thousand","321"
"2015","ITI42","Thousand","159"
"2015","ITI43","Thousand","4,341"
"2015","ITI44","Thousand","573"
"2015","ITI45","Thousand","496"
"2015","ITF","Thousand","14,130"
"2015","ITF1","Thousand","1,329"
"2015","ITF11","Thousand","304"
"2015","ITF12","Thousand","311"
"2015","ITF13","Thousand","322"
"2015","ITF14","Thousand","392"
"2015","ITF2","Thousand","313"
"2015","ITF21","Thousand","87"
"2015","ITF22","Thousand","226"
"2015","ITF3","Thousand","5,856"
"2015","ITF31","Thousand","925"
"2015","ITF32","Thousand","282"
"2015","ITF33","Thousand","3,116"
"2015","ITF34","Thousand","427"
"2015","ITF35","Thousand","1,108"
"2015","ITF4","Thousand","4,084"
"2015","ITF43","Thousand","587"
"2015","ITF44","Thousand","400"
"2015","ITF45","Thousand","805"
"2015","ITF46","Thousand","632"
"2015","ITF47","Thousand","1,265"
"2015","ITF48","Thousand","394"
"2015","ITF5","Thousand","575"
"2015","ITF51","Thousand","374"
"2015","ITF52","Thousand","201"
"2015","ITF6","Thousand","1,974"
"2015","ITF61","Thousand","716"
"2015","ITF62","Thousand","175"
"2015","ITF63","Thousand","363"
"2015","ITF64","Thousand","163"
"2015","ITF65","Thousand","557"
"2015","ITG","Thousand","6,744"
"2015","ITG1","Thousand","5,083"
"2015","ITG11","Thousand","436"
"2015","ITG12","Thousand","1,274"
"2015","ITG13","Thousand","643"
"2015","ITG14","Thousand","446"
"2015","ITG15","Thousand","273"
"2015","ITG16","Thousand","171"
"2015","ITG17","Thousand","1,116"
"2015","ITG18","Thousand","320"
"2015","ITG19","Thousand","405"
"2015","ITG2","Thousand","1,661"
"2015","ITG25","Thousand","334"
"2015","ITG26","Thousand","158"
"2015","ITG27","Thousand","562"
"2015","ITG28","Thousand","162"
"2015","ITG29","Thousand","160"
"2015","ITG2A","Thousand","58"
"2015","ITG2B","Thousand","100"
"2015","ITG2C","Thousand","128"
"2015","ITZ","Thousand","0"
"2015","ITZZ","Thousand","0"
"2015","ITZZZ","Thousand","0"
"2015","CY","Thousand","848"
"2015","CY0","Thousand","848"
"2015","CY00","Thousand","848"
"2015","CY000","Thousand","848"
"2015","LV","Thousand","1,977"
"2015","LV0","Thousand","1,977"
"2015","LV00","Thousand","1,977"
"2015","LV003","Thousand","253"
"2015","LV005","Thousand","260"
"2015","LV006","Thousand","640"
"2015","LV007","Thousand","367"
"2015","LV008","Thousand","197"
"2015","LV009","Thousand","259"
"2015","LT","Thousand","2,905"
"2015","LT0","Thousand","2,905"
"2015","LT00","Thousand","2,905"
"2015","LT001","Thousand","146"
"2015","LT002","Thousand","580"
"2015","LT003","Thousand","326"
"2015","LT004","Thousand","150"
"2015","LT005","Thousand","233"
"2015","LT006","Thousand","279"
"2015","LT007","Thousand","102"
"2015","LT008","Thousand","142"
"2015","LT009","Thousand","139"
"2015","LT00A","Thousand","806"
"2015","LU","Thousand","569"
"2015","LU0","Thousand","569"
"2015","LU00","Thousand","569"
"2015","LU000","Thousand","569"
"2015","HU","Thousand","9,839"
"2015","HU1","Thousand","2,988"
"2015","HU10","Thousand","2,988"
"2015","HU101","Thousand","1,758"
"2015","HU102","Thousand","1,230"
"2015","HU2","Thousand","2,950"
"2015","HU21","Thousand","1,062"
"2015","HU211","Thousand","418"
"2015","HU212","Thousand","298"
"2015","HU213","Thousand","345"
"2015","HU22","Thousand","984"
"2015","HU221","Thousand","454"
"2015","HU222","Thousand","254"
"2015","HU223","Thousand","276"
"2015","HU23","Thousand","905"
"2015","HU231","Thousand","369"
"2015","HU232","Thousand","310"
"2015","HU233","Thousand","225"
"2015","HU3","Thousand","3,902"
"2015","HU31","Thousand","1,159"
"2015","HU311","Thousand","664"
"2015","HU312","Thousand","300"
"2015","HU313","Thousand","195"
"2015","HU32","Thousand","1,476"
"2015","HU321","Thousand","536"
"2015","HU322","Thousand","378"
"2015","HU323","Thousand","563"
"2015","HU33","Thousand","1,267"
"2015","HU331","Thousand","512"
"2015","HU332","Thousand","349"
"2015","HU333","Thousand","405"
"2015","MT","Thousand","432"
"2015","MT0","Thousand","432"
"2015","MT00","Thousand","432"
"2015","MT001","Thousand","400"
"2015","MT002","Thousand","32"
"2015","MTZ","Thousand","0"
"2015","MTZZ","Thousand","0"
"2015","MTZZZ","Thousand","0"
"2015","NL","Thousand","16,932"
"2015","NL1","Thousand","1,718"
"2015","NL11","Thousand","584"
"2015","NL111","Thousand","149"
"2015","NL112","Thousand","47"
"2015","NL113","Thousand","388"
"2015","NL12","Thousand","646"
"2015","NL121","Thousand","333"
"2015","NL122","Thousand","106"
"2015","NL123","Thousand","208"
"2015","NL13","Thousand","489"
"2015","NL131","Thousand","189"
"2015","NL132","Thousand","169"
"2015","NL133","Thousand","131"
"2015","NL2","Thousand","3,574"
"2015","NL21","Thousand","1,141"
"2015","NL211","Thousand","363"
"2015","NL212","Thousand","153"
"2015","NL213","Thousand","626"
"2015","NL22","Thousand","2,030"
"2015","NL221","Thousand","670"
"2015","NL224","Thousand","238"
"2015","NL225","Thousand","399"
"2015","NL226","Thousand","724"
"2015","NL23","Thousand","403"
"2015","NL230","Thousand","403"
"2015","NL3","Thousand","8,030"
"2015","NL31","Thousand","1,268"
"2015","NL310","Thousand","1,268"
"2015","NL32","Thousand","2,773"
"2015","NL321","Thousand","372"
"2015","NL322","Thousand","235"
"2015","NL323","Thousand","195"
"2015","NL324","Thousand","229"
"2015","NL325","Thousand","168"
"2015","NL326","Thousand","1,327"
"2015","NL327","Thousand","247"
"2015","NL33","Thousand","3,609"
"2015","NL332","Thousand","841"
"2015","NL333","Thousand","224"
"2015","NL337","Thousand","417"
"2015","NL338","Thousand","297"
"2015","NL339","Thousand","1,429"
"2015","NL33A","Thousand","401"
"2015","NL34","Thousand","381"
"2015","NL341","Thousand","106"
"2015","NL342","Thousand","275"
"2015","NL4","Thousand","3,609"
"2015","NL41","Thousand","2,493"
"2015","NL411","Thousand","625"
"2015","NL412","Thousand","468"
"2015","NL413","Thousand","647"
"2015","NL414","Thousand","755"
"2015","NL42","Thousand","1,116"
"2015","NL421","Thousand","280"
"2015","NL422","Thousand","235"
"2015","NL423","Thousand","601"
"2015","NLZ","Thousand","0"
"2015","NLZZ","Thousand","0"
"2015","NLZZZ","Thousand","0"
"2015","AT","Thousand","8,630"
"2015","AT1","Thousand","3,746"
"2015","AT11","Thousand","289"
"2015","AT111","Thousand","38"
"2015","AT112","Thousand","154"
"2015","AT113","Thousand","97"
"2015","AT12","Thousand","1,643"
"2015","AT121","Thousand","243"
"2015","AT122","Thousand","257"
"2015","AT123","Thousand","151"
"2015","AT124","Thousand","218"
"2015","AT125","Thousand","124"
"2015","AT126","Thousand","318"
"2015","AT127","Thousand","332"
"2015","AT13","Thousand","1,814"
"2015","AT130","Thousand","1,814"
"2015","AT2","Thousand","1,784"
"2015","AT21","Thousand","559"
"2015","AT211","Thousand","282"
"2015","AT212","Thousand","125"
"2015","AT213","Thousand","151"
"2015","AT22","Thousand","1,225"
"2015","AT221","Thousand","424"
"2015","AT222","Thousand","80"
"2015","AT223","Thousand","161"
"2015","AT224","Thousand","265"
"2015","AT225","Thousand","193"
"2015","AT226","Thousand","101"
"2015","AT3","Thousand","3,099"
"2015","AT31","Thousand","1,444"
"2015","AT311","Thousand","280"
"2015","AT312","Thousand","571"
"2015","AT313","Thousand","206"
"2015","AT314","Thousand","153"
"2015","AT315","Thousand","234"
"2015","AT32","Thousand","541"
"2015","AT321","Thousand","20"
"2015","AT322","Thousand","165"
"2015","AT323","Thousand","356"
"2015","AT33","Thousand","733"
"2015","AT331","Thousand","32"
"2015","AT332","Thousand","301"
"2015","AT333","Thousand","49"
"2015","AT334","Thousand","102"
"2015","AT335","Thousand","249"
"2015","AT34","Thousand","381"
"2015","AT341","Thousand","89"
"2015","AT342","Thousand","292"
"2015","ATZ","Thousand","0"
"2015","ATZZ","Thousand","0"
"2015","PL","Thousand","38,455"
"2015","PL1","Thousand","7,839"
"2015","PL11","Thousand","2,498"
"2015","PL113","Thousand","703"
"2015","PL114","Thousand","386"
"2015","PL115","Thousand","592"
"2015","PL116","Thousand","451"
"2015","PL117","Thousand","367"
"2015","PL12","Thousand","5,341"
"2015","PL127","Thousand","1,740"
"2015","PL128","Thousand","618"
"2015","PL129","Thousand","808"
"2015","PL12A","Thousand","799"
"2015","PL12B","Thousand","344"
"2015","PL12C","Thousand","332"
"2015","PL12D","Thousand","389"
"2015","PL12E","Thousand","313"
"2015","PL2","Thousand","7,949"
"2015","PL21","Thousand","3,371"
"2015","PL213","Thousand","763"
"2015","PL214","Thousand","714"
"2015","PL217","Thousand","464"
"2015","PL218","Thousand","534"
"2015","PL219","Thousand","342"
"2015","PL21A","Thousand","554"
"2015","PL22","Thousand","4,578"
"2015","PL224","Thousand","522"
"2015","PL225","Thousand","665"
"2015","PL227","Thousand","637"
"2015","PL228","Thousand","444"
"2015","PL229","Thousand","476"
"2015","PL22A","Thousand","746"
"2015","PL22B","Thousand","695"
"2015","PL22C","Thousand","393"
"2015","PL3","Thousand","6,721"
"2015","PL31","Thousand","2,143"
"2015","PL311","Thousand","306"
"2015","PL312","Thousand","638"
"2015","PL314","Thousand","712"
"2015","PL315","Thousand","488"
"2015","PL32","Thousand","2,127"
"2015","PL323","Thousand","484"
"2015","PL324","Thousand","394"
"2015","PL325","Thousand","631"
"2015","PL326","Thousand","618"
"2015","PL33","Thousand","1,260"
"2015","PL331","Thousand","772"
"2015","PL332","Thousand","488"
"2015","PL34","Thousand","1,190"
"2015","PL343","Thousand","511"
"2015","PL344","Thousand","404"
"2015","PL345","Thousand","275"
"2015","PL4","Thousand","6,207"
"2015","PL41","Thousand","3,474"
"2015","PL411","Thousand","413"
"2015","PL414","Thousand","660"
"2015","PL415","Thousand","545"
"2015","PL416","Thousand","672"
"2015","PL417","Thousand","555"
"2015","PL418","Thousand","630"
"2015","PL42","Thousand","1,714"
"2015","PL424","Thousand","407"
"2015","PL426","Thousand","360"
"2015","PL427","Thousand","434"
"2015","PL428","Thousand","513"
"2015","PL43","Thousand","1,020"
"2015","PL431","Thousand","387"
"2015","PL432","Thousand","633"
"2015","PL5","Thousand","3,904"
"2015","PL51","Thousand","2,905"
"2015","PL514","Thousand","634"
"2015","PL515","Thousand","572"
"2015","PL516","Thousand","452"
"2015","PL517","Thousand","667"
"2015","PL518","Thousand","580"
"2015","PL52","Thousand","999"
"2015","PL523","Thousand","377"
"2015","PL524","Thousand","622"
"2015","PL6","Thousand","5,835"
"2015","PL61","Thousand","2,088"
"2015","PL613","Thousand","775"
"2015","PL616","Thousand","393"
"2015","PL617","Thousand","367"
"2015","PL618","Thousand","190"
"2015","PL619","Thousand","364"
"2015","PL62","Thousand","1,442"
"2015","PL621","Thousand","532"
"2015","PL622","Thousand","619"
"2015","PL623","Thousand","291"
"2015","PL63","Thousand","2,305"
"2015","PL633","Thousand","747"
"2015","PL634","Thousand","564"
"2015","PL636","Thousand","336"
"2015","PL637","Thousand","225"
"2015","PL638","Thousand","433"
"2015","PT","Thousand","10,358"
"2015","PT1","Thousand","9,854"
"2015","PT11","Thousand","3,613"
"2015","PT111","Thousand","237"
"2015","PT112","Thousand","407"
"2015","PT119","Thousand","419"
"2015","PT11A","Thousand","1,727"
"2015","PT11B","Thousand","90"
"2015","PT11C","Thousand","425"
"2015","PT11D","Thousand","196"
"2015","PT11E","Thousand","111"
"2015","PT15","Thousand","442"
"2015","PT150","Thousand","442"
"2015","PT16","Thousand","2,260"
"2015","PT16B","Thousand","359"
"2015","PT16D","Thousand","364"
"2015","PT16E","Thousand","443"
"2015","PT16F","Thousand","289"
"2015","PT16G","Thousand","260"
"2015","PT16H","Thousand","84"
"2015","PT16I","Thousand","239"
"2015","PT16J","Thousand","223"
"2015","PT17","Thousand","2,811"
"2015","PT170","Thousand","2,811"
"2015","PT18","Thousand","729"
"2015","PT181","Thousand","95"
"2015","PT184","Thousand","121"
"2015","PT185","Thousand","243"
"2015","PT186","Thousand","111"
"2015","PT187","Thousand","159"
"2015","PT2","Thousand","246"
"2015","PT20","Thousand","246"
"2015","PT200","Thousand","246"
"2015","PT3","Thousand","258"
"2015","PT30","Thousand","258"
"2015","PT300","Thousand","258"
"2015","PTZ","Thousand",":"
"2015","PTZZ","Thousand",":"
"2015","PTZZZ","Thousand",":"
"2015","RO","Thousand","19,820"
"2015","RO1","Thousand","4,928"
"2015","RO11","Thousand","2,582"
"2015","RO111","Thousand","571"
"2015","RO112","Thousand","283"
"2015","RO113","Thousand","701"
"2015","RO114","Thousand","470"
"2015","RO115","Thousand","339"
"2015","RO116","Thousand","218"
"2015","RO12","Thousand","2,347"
"2015","RO121","Thousand","335"
"2015","RO122","Thousand","551"
"2015","RO123","Thousand","207"
"2015","RO124","Thousand","309"
"2015","RO125","Thousand","545"
"2015","RO126","Thousand","400"
"2015","RO2","Thousand","5,745"
"2015","RO21","Thousand","3,264"
"2015","RO211","Thousand","602"
"2015","RO212","Thousand","397"
"2015","RO213","Thousand","788"
"2015","RO214","Thousand","458"
"2015","RO215","Thousand","630"
"2015","RO216","Thousand","388"
"2015","RO22","Thousand","2,482"
"2015","RO221","Thousand","306"
"2015","RO222","Thousand","434"
"2015","RO223","Thousand","682"
"2015","RO224","Thousand","522"
"2015","RO225","Thousand","205"
"2015","RO226","Thousand","333"
"2015","RO3","Thousand","5,334"
"2015","RO31","Thousand","3,047"
"2015","RO311","Thousand","598"
"2015","RO312","Thousand","297"
"2015","RO313","Thousand","508"
"2015","RO314","Thousand","276"
"2015","RO315","Thousand","266"
"2015","RO316","Thousand","744"
"2015","RO317","Thousand","359"
"2015","RO32","Thousand","2,287"
"2015","RO321","Thousand","1,849"
"2015","RO322","Thousand","438"
"2015","RO4","Thousand","3,813"
"2015","RO41","Thousand","2,005"
"2015","RO411","Thousand","644"
"2015","RO412","Thousand","330"
"2015","RO413","Thousand","255"
"2015","RO414","Thousand","416"
"2015","RO415","Thousand","362"
"2015","RO42","Thousand","1,807"
"2015","RO421","Thousand","425"
"2015","RO422","Thousand","284"
"2015","RO423","Thousand","401"
"2015","RO424","Thousand","696"
"2015","ROZ","Thousand",":"
"2015","ROZZ","Thousand",":"
"2015","ROZZZ","Thousand",":"
"2015","SI","Thousand","2,063"
"2015","SI0","Thousand","2,063"
"2015","SI03","Thousand","1,093"
"2015","SI031","Thousand","116"
"2015","SI032","Thousand","323"
"2015","SI033","Thousand","71"
"2015","SI034","Thousand","254"
"2015","SI035","Thousand","58"
"2015","SI036","Thousand","76"
"2015","SI037","Thousand","142"
"2015","SI038","Thousand","53"
"2015","SI04","Thousand","971"
"2015","SI041","Thousand","535"
"2015","SI042","Thousand","204"
"2015","SI043","Thousand","118"
"2015","SI044","Thousand","113"
"2015","SK","Thousand","5,422"
"2015","SK0","Thousand","5,422"
"2015","SK01","Thousand","629"
"2015","SK010","Thousand","629"
"2015","SK02","Thousand","1,833"
"2015","SK021","Thousand","559"
"2015","SK022","Thousand","590"
"2015","SK023","Thousand","684"
"2015","SK03","Thousand","1,344"
"2015","SK031","Thousand","690"
"2015","SK032","Thousand","654"
"2015","SK04","Thousand","1,616"
"2015","SK041","Thousand","820"
"2015","SK042","Thousand","796"
"2015","FI","Thousand","5,481"
"2015","FI1","Thousand","5,452"
"2015","FI19","Thousand","1,378"
"2015","FI193","Thousand","276"
"2015","FI194","Thousand","193"
"2015","FI195","Thousand","181"
"2015","FI196","Thousand","224"
"2015","FI197","Thousand","505"
"2015","FI1B","Thousand","1,612"
"2015","FI1B1","Thousand","1,612"
"2015","FI1C","Thousand","1,161"
"2015","FI1C1","Thousand","474"
"2015","FI1C2","Thousand","175"
"2015","FI1C3","Thousand","202"
"2015","FI1C4","Thousand","179"
"2015","FI1C5","Thousand","131"
"2015","FI1D","Thousand","1,300"
"2015","FI1D1","Thousand","151"
"2015","FI1D2","Thousand","248"
"2015","FI1D3","Thousand","165"
"2015","FI1D4","Thousand","79"
"2015","FI1D5","Thousand","69"
"2015","FI1D6","Thousand","406"
"2015","FI1D7","Thousand","181"
"2015","FI2","Thousand","29"
"2015","FI20","Thousand","29"
"2015","FI200","Thousand","29"
"2015","FIZ","Thousand",":"
"2015","FIZZ","Thousand",":"
"2015","FIZZZ","Thousand",":"
"2015","SE","Thousand","9,799"
"2015","SE1","Thousand","3,845"
"2015","SE11","Thousand","2,215"
"2015","SE110","Thousand","2,215"
"2015","SE12","Thousand","1,630"
"2015","SE121","Thousand","352"
"2015","SE122","Thousand","282"
"2015","SE123","Thousand","444"
"2015","SE124","Thousand","290"
"2015","SE125","Thousand","263"
"2015","SE2","Thousand","4,235"
"2015","SE21","Thousand","830"
"2015","SE211","Thousand","346"
"2015","SE212","Thousand","190"
"2015","SE213","Thousand","237"
"2015","SE214","Thousand","57"
"2015","SE22","Thousand","1,451"
"2015","SE221","Thousand","155"
"2015","SE224","Thousand","1,296"
"2015","SE23","Thousand","1,953"
"2015","SE231","Thousand","313"
"2015","SE232","Thousand","1,640"
"2015","SE3","Thousand","1,719"
"2015","SE31","Thousand","836"
"2015","SE311","Thousand","275"
"2015","SE312","Thousand","280"
"2015","SE313","Thousand","281"
"2015","SE32","Thousand","371"
"2015","SE321","Thousand","243"
"2015","SE322","Thousand","127"
"2015","SE33","Thousand","513"
"2015","SE331","Thousand","263"
"2015","SE332","Thousand","250"
"2015","UK","Thousand","65,110"
"2015","UKC","Thousand","2,625"
"2015","UKC1","Thousand","1,187"
"2015","UKC11","Thousand","287"
"2015","UKC12","Thousand","275"
"2015","UKC13","Thousand","105"
"2015","UKC14","Thousand","520"
"2015","UKC2","Thousand","1,437"
"2015","UKC21","Thousand","315"
"2015","UKC22","Thousand","845"
"2015","UKC23","Thousand","277"
"2015","UKD","Thousand","7,174"
"2015","UKD1","Thousand","498"
"2015","UKD11","Thousand","234"
"2015","UKD12","Thousand","264"
"2015","UKD3","Thousand","2,756"
"2015","UKD33","Thousand","530"
"2015","UKD34","Thousand","479"
"2015","UKD35","Thousand","510"
"2015","UKD36","Thousand","604"
"2015","UKD37","Thousand","633"
"2015","UKD4","Thousand","1,478"
"2015","UKD41","Thousand","147"
"2015","UKD42","Thousand","140"
"2015","UKD44","Thousand","252"
"2015","UKD45","Thousand","387"
"2015","UKD46","Thousand","327"
"2015","UKD47","Thousand","226"
"2015","UKD6","Thousand","917"
"2015","UKD61","Thousand","208"
"2015","UKD62","Thousand","375"
"2015","UKD63","Thousand","334"
"2015","UKD7","Thousand","1,525"
"2015","UKD71","Thousand","451"
"2015","UKD72","Thousand","479"
"2015","UKD73","Thousand","274"
"2015","UKD74","Thousand","321"
"2015","UKE","Thousand","5,391"
"2015","UKE1","Thousand","925"
"2015","UKE11","Thousand","259"
"2015","UKE12","Thousand","337"
"2015","UKE13","Thousand","329"
"2015","UKE2","Thousand","809"
"2015","UKE21","Thousand","207"
"2015","UKE22","Thousand","602"
"2015","UKE3","Thousand","1,375"
"2015","UKE31","Thousand","805"
"2015","UKE32","Thousand","570"
"2015","UKE4","Thousand","2,282"
"2015","UKE41","Thousand","531"
"2015","UKE42","Thousand","774"
"2015","UKE44","Thousand","643"
"2015","UKE45","Thousand","334"
"2015","UKF","Thousand","4,677"
"2015","UKF1","Thousand","2,161"
"2015","UKF11","Thousand","254"
"2015","UKF12","Thousand","282"
"2015","UKF13","Thousand","501"
"2015","UKF14","Thousand","319"
"2015","UKF15","Thousand","463"
"2015","UKF16","Thousand","343"
"2015","UKF2","Thousand","1,779"
"2015","UKF21","Thousand","343"
"2015","UKF22","Thousand","713"
"2015","UKF24","Thousand","392"
"2015","UKF25","Thousand","331"
"2015","UKF3","Thousand","737"
"2015","UKF30","Thousand","737"
"2015","UKG","Thousand","5,751"
"2015","UKG1","Thousand","1,321"
"2015","UKG11","Thousand","188"
"2015","UKG12","Thousand","579"
"2015","UKG13","Thousand","554"
"2015","UKG2","Thousand","1,597"
"2015","UKG21","Thousand","171"
"2015","UKG22","Thousand","311"
"2015","UKG23","Thousand","252"
"2015","UKG24","Thousand","863"
"2015","UKG3","Thousand","2,834"
"2015","UKG31","Thousand","1,111"
"2015","UKG32","Thousand","210"
"2015","UKG33","Thousand","345"
"2015","UKG36","Thousand","316"
"2015","UKG37","Thousand","319"
"2015","UKG38","Thousand","276"
"2015","UKG39","Thousand","254"
"2015","UKH","Thousand","6,076"
"2015","UKH1","Thousand","2,468"
"2015","UKH11","Thousand","194"
"2015","UKH12","Thousand","647"
"2015","UKH14","Thousand","742"
"2015","UKH15","Thousand","364"
"2015","UKH16","Thousand","254"
"2015","UKH17","Thousand","266"
"2015","UKH2","Thousand","1,821"
"2015","UKH21","Thousand","215"
"2015","UKH23","Thousand","1,166"
"2015","UKH24","Thousand","166"
"2015","UKH25","Thousand","274"
"2015","UKH3","Thousand","1,787"
"2015","UKH31","Thousand","179"
"2015","UKH32","Thousand","165"
"2015","UKH34","Thousand","475"
"2015","UKH35","Thousand","300"
"2015","UKH36","Thousand","311"
"2015","UKH37","Thousand","356"
"2015","UKI","Thousand","8,674"
"2015","UKI3","Thousand","1,144"
"2015","UKI31","Thousand","250"
"2015","UKI32","Thousand","242"
"2015","UKI33","Thousand","337"
"2015","UKI34","Thousand","315"
"2015","UKI4","Thousand","2,328"
"2015","UKI41","Thousand","602"
"2015","UKI42","Thousand","295"
"2015","UKI43","Thousand","501"
"2015","UKI44","Thousand","606"
"2015","UKI45","Thousand","324"
"2015","UKI5","Thousand","1,864"
"2015","UKI51","Thousand","517"
"2015","UKI52","Thousand","451"
"2015","UKI53","Thousand","568"
"2015","UKI54","Thousand","328"
"2015","UKI6","Thousand","1,282"
"2015","UKI61","Thousand","325"
"2015","UKI62","Thousand","379"
"2015","UKI63","Thousand","578"
"2015","UKI7","Thousand","2,055"
"2015","UKI71","Thousand","380"
"2015","UKI72","Thousand","324"
"2015","UKI73","Thousand","343"
"2015","UKI74","Thousand","545"
"2015","UKI75","Thousand","464"
"2015","UKJ","Thousand","8,948"
"2015","UKJ1","Thousand","2,359"
"2015","UKJ11","Thousand","891"
"2015","UKJ12","Thousand","262"
"2015","UKJ13","Thousand","528"
"2015","UKJ14","Thousand","678"
"2015","UKJ2","Thousand","2,834"
"2015","UKJ21","Thousand","285"
"2015","UKJ22","Thousand","544"
"2015","UKJ25","Thousand","774"
"2015","UKJ26","Thousand","395"
"2015","UKJ27","Thousand","444"
"2015","UKJ28","Thousand","392"
"2015","UKJ3","Thousand","1,954"
"2015","UKJ31","Thousand","212"
"2015","UKJ32","Thousand","250"
"2015","UKJ34","Thousand","139"
"2015","UKJ35","Thousand","451"
"2015","UKJ36","Thousand","539"
"2015","UKJ37","Thousand","363"
"2015","UKJ4","Thousand","1,801"
"2015","UKJ41","Thousand","276"
"2015","UKJ43","Thousand","353"
"2015","UKJ44","Thousand","523"
"2015","UKJ45","Thousand","289"
"2015","UKJ46","Thousand","360"
"2015","UKK","Thousand","5,471"
"2015","UKK1","Thousand","2,439"
"2015","UKK11","Thousand","449"
"2015","UKK12","Thousand","669"
"2015","UKK13","Thousand","617"
"2015","UKK14","Thousand","217"
"2015","UKK15","Thousand","486"
"2015","UKK2","Thousand","1,311"
"2015","UKK21","Thousand","345"
"2015","UKK22","Thousand","421"
"2015","UKK23","Thousand","545"
"2015","UKK3","Thousand","552"
"2015","UKK30","Thousand","552"
"2015","UKK4","Thousand","1,169"
"2015","UKK41","Thousand","263"
"2015","UKK42","Thousand","133"
"2015","UKK43","Thousand","773"
"2015","UKL","Thousand","3,099"
"2015","UKL1","Thousand","1,951"
"2015","UKL11","Thousand","70"
"2015","UKL12","Thousand","123"
"2015","UKL13","Thousand","211"
"2015","UKL14","Thousand","383"
"2015","UKL15","Thousand","297"
"2015","UKL16","Thousand","342"
"2015","UKL17","Thousand","283"
"2015","UKL18","Thousand","242"
"2015","UKL2","Thousand","1,148"
"2015","UKL21","Thousand","240"
"2015","UKL22","Thousand","485"
"2015","UKL23","Thousand","291"
"2015","UKL24","Thousand","133"
"2015","UKM","Thousand","5,373"
"2015","UKM2","Thousand","2,068"
"2015","UKM21","Thousand","265"
"2015","UKM22","Thousand","419"
"2015","UKM23","Thousand","190"
"2015","UKM24","Thousand","114"
"2015","UKM25","Thousand","499"
"2015","UKM26","Thousand","158"
"2015","UKM27","Thousand","243"
"2015","UKM28","Thousand","179"
"2015","UKM3","Thousand","2,345"
"2015","UKM31","Thousand","222"
"2015","UKM32","Thousand","150"
"2015","UKM33","Thousand","252"
"2015","UKM34","Thousand","607"
"2015","UKM35","Thousand","347"
"2015","UKM36","Thousand","337"
"2015","UKM37","Thousand","112"
"2015","UKM38","Thousand","316"
"2015","UKM5","Thousand","492"
"2015","UKM50","Thousand","492"
"2015","UKM6","Thousand","468"
"2015","UKM61","Thousand","94"
"2015","UKM62","Thousand","203"
"2015","UKM63","Thousand","100"
"2015","UKM64","Thousand","27"
"2015","UKM65","Thousand","22"
"2015","UKM66","Thousand","23"
"2015","UKN","Thousand","1,852"
"2015","UKN0","Thousand","1,852"
"2015","UKN01","Thousand","285"
"2015","UKN02","Thousand","399"
"2015","UKN03","Thousand","450"
"2015","UKN04","Thousand","293"
"2015","UKN05","Thousand","425"
"2015","UKZ","Thousand","0"
"2015","UKZZ","Thousand","0"
"2015","UKZZZ","Thousand","0"
"2015","NO","Thousand","5,191"
"2015","NO0","Thousand","5,191"
"2015","NO01","Thousand","1,243"
"2015","NO011","Thousand","653"
"2015","NO012","Thousand","590"
"2015","NO02","Thousand","384"
"2015","NO021","Thousand","195"
"2015","NO022","Thousand","189"
"2015","NO03","Thousand","981"
"2015","NO031","Thousand","289"
"2015","NO032","Thousand","276"
"2015","NO033","Thousand","244"
"2015","NO034","Thousand","172"
"2015","NO04","Thousand","765"
"2015","NO041","Thousand","115"
"2015","NO042","Thousand","182"
"2015","NO043","Thousand","468"
"2015","NO05","Thousand","888"
"2015","NO051","Thousand","514"
"2015","NO052","Thousand","109"
"2015","NO053","Thousand","265"
"2015","NO06","Thousand","448"
"2015","NO061","Thousand","312"
"2015","NO062","Thousand","136"
"2015","NO07","Thousand","482"
"2015","NO071","Thousand","242"
"2015","NO072","Thousand","164"
"2015","NO073","Thousand","76"
"2015","NOZ","Thousand","0"
"2015","NOZZ","Thousand","0"
"2015","NOZZZ","Thousand","0"
"2015","MK","Thousand",":"
"2015","MK0","Thousand",":"
"2015","MK00","Thousand",":"
"2015","MK001","Thousand",":"
"2015","MK002","Thousand",":"
"2015","MK003","Thousand",":"
"2015","MK004","Thousand",":"
"2015","MK005","Thousand",":"
"2015","MK006","Thousand",":"
"2015","MK007","Thousand",":"
"2015","MK008","Thousand",":"
"2015","AL","Thousand","2,881"
"2015","AL0","Thousand",":"
"2015","AL01","Thousand",":"
"2015","AL011","Thousand",":"
"2015","AL012","Thousand",":"
"2015","AL013","Thousand",":"
"2015","AL014","Thousand",":"
"2015","AL015","Thousand",":"
"2015","AL02","Thousand",":"
"2015","AL021","Thousand",":"
"2015","AL022","Thousand",":"
"2015","AL03","Thousand",":"
"2015","AL031","Thousand",":"
"2015","AL032","Thousand",":"
"2015","AL033","Thousand",":"
"2015","AL034","Thousand",":"
"2015","AL035","Thousand",":"
