,substation,voltage,name,lat,lon,zone,info,demand,slack
n3303,s3754,220.0,Altheim,48.637446,12.172852,DE,Substation,True,False
n3304,s3755,380.0,Marienberg,47.941187,11.979218,DE,Substation,True,False
n3305,s3756,380.0,Irsching,48.79239,11.501312,DE,Substation,True,False
n3306,s3757,380.0,Oberbachern,48.348035,11.260986,DE,Substation,True,False
n3307,s3758,220.0,Oberbrunn,48.087,11.184,DE,Substation,True,False
n3308,s3758,380.0,Oberbrunn,48.067,11.184,DE,Substation,True,False
n3309,s3759,380.0,Menzing,48.277709,11.355743,DE,Substation,True,False
n3310,s3760,220.0,Ingolstadt,48.862,11.363,DE,Substation,True,False
n3311,s3760,380.0,Ingolstadt,48.842,11.363,DE,Substation,True,False
n3312,s3761,380.0,Zolling,48.545705,11.778717,DE,Substation,True,False
n3313,s3762,380.0,Neufinsing,48.322474,11.681213,DE,Substation,True,False
n3314,s3763,380.0,Föhring,48.266741,11.589203,DE,Substation,True,False
n3315,s3764,380.0,Ottenhofen,48.314255,11.825409,DE,Substation,True,False
n3316,s3765,220.0,Sittling,48.868328,11.841888,DE,Substation,True,False
n3317,s3766,380.0,Regensburg,48.992834,12.034149,DE,Substation,True,False
n3318,s3767,220.0,Pirach,48.20088,12.628784,DE,Substation,True,False
n3319,s3768,380.0,Isar,48.659222,12.292328,DE,Substation,True,False
n3320,s3769,220.0,Simbach,48.332517,12.929535,DE,Substation,True,False
n3321,s3770,220.0,Pleinting,48.686,13.035,DE,Substation,True,False
n3322,s3770,380.0,Pleinting,48.666,13.035,DE,Substation,True,False
n3323,s3771,220.0,Krün,47.528329,11.122284,DE,Substation,True,False
n3324,s3772,380.0,Plattling,48.801436,12.741394,DE,Substation,True,False
n3348,s3823,220.0,St. Peter,48.266,13.082,AT,Substation,False,False
n3453,s3965,380.0,Wehr,47.707913,7.87170399999999,DE,Hydro pure pump storage,False,False
n3454,s3966,220.0,Eichstetten,48.114,7.714,DE,Substation,True,False
n3455,s3966,380.0,Eichstetten,48.094,7.714,DE,Substation,True,False
n3456,s3967,220.0,Kühmoos,47.609,7.934,DE,Substation,True,False
n3457,s3967,380.0,Kühmoos,47.589,7.934,DE,Substation,True,False
n3458,s3968,220.0,Gurtweil,47.716,8.149,DE,Substation,True,False
n3459,s3968,380.0,Gurtweil,47.696000000000005,8.149,DE,Substation,True,False
n3460,s3969,220.0,Tiengen,47.66,8.205,DE,Substation,True,False
n3461,s3969,380.0,Tiengen,47.64,8.205,DE,Substation,True,False
n3462,s3970,380.0,Villingen,48.074409,8.386688,DE,Substation,True,False
n3463,s3971,220.0,Weier,48.499318,7.87857099999999,DE,Substation,True,False
n3464,s3972,220.0,Kuppenheim,48.762526,8.245239,DE,Substation,True,False
n3465,s3973,380.0,Daxlanden,48.992834,8.42376699999999,DE,Substation,True,False
n3466,s3974,220.0,Karlsruhe West,49.019,8.326,DE,Substation,True,False
n3467,s3974,380.0,Karlsruhe West,48.999,8.326,DE,Substation,True,False
n3468,s3975,220.0,Stockach,47.810388,8.962097,DE,Substation,True,False
n3469,s3976,220.0,Beuren,47.789171,8.79180899999999,DE,Substation,True,False
n3470,s3977,380.0,Trossingen,48.079914,8.52813699999999,DE,Substation,True,False
n3471,s3978,220.0,Birkenfeld,48.781533,8.56796299999998,DE,Substation,True,False
n3472,s3979,380.0,Oberjettingen,48.516604,8.749237,DE,Substation,True,False
n3473,s3980,380.0,Engstlatt,48.244797,8.86184700000001,DE,Substation,True,False
n3474,s3981,220.0,Pulverdingen,48.816,8.925,DE,Substation,True,False
n3475,s3981,380.0,Pulverdingen,48.796,8.925,DE,Substation,True,False
n3476,s3982,380.0,Delmensingen,48.242967,9.84374999999999,DE,Substation,True,False
n3477,s3983,380.0,Herbertingen,48.037692,9.39605700000001,DE,Substation,True,False
n3478,s3984,380.0,Grünkraut,47.708837,9.60617100000001,DE,Substation,True,False
n3479,s3985,380.0,Obermooweiler,47.622827,9.73251299999999,DE,Substation,True,False
n3480,s3986,380.0,Wendlingen,48.592051,9.280701,DE,Substation,True,False
n3481,s3987,380.0,Metzingen,48.484756,9.24499499999999,DE,Substation,True,False
n3482,s3988,220.0,Hoheneck,48.831,9.134,DE,Substation,True,False
n3483,s3988,380.0,Hoheneck,48.811,9.134,DE,Substation,True,False
n3484,s3989,380.0,Endersbach,48.736267,9.32876600000001,DE,Substation,True,False
n3485,s3990,380.0,Laichingen,48.397297,9.600677,DE,Substation,True,False
n3486,s3991,380.0,Bünzwangen,48.621109,9.574585,DE,Substation,True,False
n3487,s3992,220.0,Neckarwestheim,49.038,9.352,DE,Substation,True,False
n3488,s3992,380.0,Neckarwestheim,49.018,9.352,DE,Substation,True,False
n3489,s3993,220.0,Memmingen,47.952225,10.192566,DE,Substation,True,False
n3490,s3994,380.0,Leupolz,47.742094,10.349121,DE,Substation,True,False
n3491,s3995,220.0,Rauhenzell ,47.632082,10.26535,DE,Substation,True,False
n3492,s3996,380.0,Gundremmingen,48.563885,10.421906,DE,Substation,True,False
n3493,s3997,380.0,Niederstotzingen,48.493857,10.170593,DE,Substation,True,False
n3494,s3998,220.0,Vöhringen,48.209,10.063,DE,Substation,True,False
n3495,s3998,380.0,Vöhringen,48.189,10.063,DE,Substation,True,False
n3496,s3999,380.0,Goldshöfe,48.79239,10.095062,DE,Substation,True,False
n3497,s4000,380.0,Rotensohl,48.622016,10.204926,DE,Substation,True,False
n3498,s4001,380.0,Lechhausen,48.424644,10.859985,DE,Substation,True,False
n3499,s4002,220.0,Oberottmarshausen,48.325,10.783,DE,Substation,True,False
n3500,s4002,380.0,Oberottmarshausen,48.305,10.783,DE,Substation,True,False
n3501,s4003,380.0,Meitingen,48.62837,10.829773,DE,Substation,True,False
n3502,s4004,380.0,Gersthofen,48.499318,10.8284,DE,Substation,True,False
n3503,s4005,380.0,Altbach,48.670106,9.299927,DE,Substation,True,False
n3504,s4007,220.0,Bühl,48.643798,8.022766,DE,Substation,True,False
n3505,s4008,220.0,Oberwald,48.946857,8.522644,DE,Substation,True,False
n3507,s4010,380.0,Mühlhausen,48.772483,9.229889,DE,Substation,True,False
n3512,s4023,380.0,Bürs,47.127,9.792,AT,Substation,False,False
n3520,s4029,380.0,Westtirol,47.252,10.731,AT,Substation,False,False
n3581,s4092,380.0,Sierentz,47.631,7.412,FR,Substation,False,False
n3587,s4097,220.0,Vogelgrun,48.03861,7.474823,FR,Substation,False,False
n3610,s4118,380.0,Muhlbach,47.885000000000005,7.394,FR,Substation,False,False
n3735,s4261,380.0,Laufenburg,47.486,7.969,CH,Substation,False,False
n3739,s4264,380.0,Asphard,47.514418,7.70965599999999,CH,Substation,False,False
n3827,s4342,380.0,Beznau,47.47,8.27,CH,Substation,False,False
n3848,s4382,220.0,Schwörstadt,47.593841,7.874779,DE,Substation,True,False
n7090,s7770,380.0,,51.26793,6.490173,DE,joint,False,False
n4494,s5005,380.0,Hradec Východ,50.230516,13.439026,CZ,Substation,False,False
n4496,s5010,380.0,Lippendorf,51.316881,12.484589,DE,Brown coal/Lignite,False,False
n4497,s5011,380.0,Schkopau,51.394922,11.943512,DE,Brown coal/Lignite,False,False
n4498,s5012,380.0,Reuter West,52.465214,12.935028,DE,Hard coal,False,False
n4499,s5015,380.0,Redwitz,50.21558,11.179962,DE,Substation,True,False
n4500,s5016,220.0,Ludersheim,49.454735,11.306305,DE,Substation,True,False
n4501,s5017,220.0,Hohenwarte,50.658167,11.532898,DE,Substation,True,False
n4502,s5018,380.0,Klostermansfeld,51.605225,11.455994,DE,Substation,True,False
n4503,s5019,380.0,Förderstedt,52.011091,11.722412,DE,Substation,True,False
n4504,s5020,380.0,Helmstedt,52.171405,11.107178,DE,Substation,True,False
n4505,s5021,220.0,Wolmirstedt,52.238,11.746,DE,Substation,True,False
n4506,s5021,380.0,Wolmirstedt,52.218,11.746,DE,Substation,True,False
n4507,s5022,380.0,Schmölln,51.18709,14.184723,DE,Substation,True,False
n4508,s5023,380.0,Zwönitz,50.613746,12.786713,DE,Substation,True,False
n4509,s5024,380.0,Mechlenreuth,50.271788,11.78009,DE,Substation,True,False
n4510,s5025,380.0,Etzenricht,49.688066,12.049255,DE,Substation,True,False
n4511,s5026,220.0,Schwandorf,49.36,12.031,DE,Substation,True,False
n4512,s5026,380.0,Schwandorf,49.34,12.031,DE,Substation,True,False
n4513,s5027,220.0,Weida,50.777,12.079,DE,Substation,True,False
n4514,s5027,380.0,Weida,50.757000000000005,12.079,DE,Substation,True,False
n4515,s5028,220.0,Remptendorf,50.591,11.722,DE,Substation,True,False
n4516,s5028,380.0,Remptendorf,50.571000000000005,11.722,DE,Substation,True,False
n4517,s5029,220.0,Vieselbach,50.992,11.455,DE,Substation,True,False
n4518,s5029,380.0,Vieselbach,50.972,11.455,DE,Substation,True,False
n4519,s5030,380.0,Großschwabhausen,50.877044,11.733398,DE,Substation,True,False
n4520,s5031,220.0,Röhrsdorf,50.86,12.802,DE,Substation,True,False
n4521,s5031,380.0,Röhrsdorf,50.84,12.802,DE,Substation,True,False
n4522,s5032,220.0,Herlasgrün,50.593699,12.33902,DE,Substation,True,False
n4523,s5033,220.0,Crossen,50.793783,12.532654,DE,Substation,True,False
n4524,s5034,220.0,Eula,51.126,12.695,DE,Substation,True,False
n4525,s5034,380.0,Eula,51.106,12.695,DE,Substation,True,False
n4526,s5035,220.0,Niederwiesa,50.84844,13.040771,DE,Substation,True,False
n4527,s5036,380.0,Dresden-Süd,51.013755,13.815308,DE,Substation,True,False
n4528,s5037,380.0,Teufelsbruch,52.568004,12.740021,DE,Substation,True,False
n4529,s5038,380.0,Marke,51.75849,12.181091,DE,Substation,True,False
n4530,s5039,220.0,Taucha,51.308296,12.685089,DE,Substation,True,False
n4531,s5040,220.0,Magdeburg,52.097226,11.862488,DE,Substation,True,False
n4532,s5041,220.0,Brandenburg West,52.331982,12.139893,DE,Substation,True,False
n4533,s5042,220.0,Wustermark,52.575,12.377,DE,Substation,True,False
n4534,s5042,380.0,Wustermark,52.555,12.377,DE,Substation,True,False
n4535,s5043,220.0,Thyrow,52.107,13.362,DE,Substation,True,False
n4536,s5043,380.0,Thyrow,52.087,13.362,DE,Substation,True,False
n4537,s5044,380.0,Ragow,51.894292,13.914185,DE,Substation,True,False
n4538,s5045,220.0,Streumen,51.31,13.447,DE,Substation,True,False
n4539,s5045,380.0,Streumen,51.29,13.447,DE,Substation,True,False
n4540,s5046,380.0,Preilack,51.794178,14.397583,DE,Substation,True,False
n4541,s5047,220.0,Wuhlheide,52.266,13.83,DE,Substation,True,False
n4542,s5047,380.0,Wuhlheide,52.246,13.83,DE,Substation,True,False
n4543,s5048,380.0,Charlottenburg,52.406608,13.036652,DE,Substation,True,False
n4544,s5049,380.0,Friedrichshain,52.437595,13.443146,DE,Substation,True,False
n4545,s5050,220.0,Neuenhagen,52.476,13.894,DE,Substation,True,False
n4546,s5050,380.0,Neuenhagen,52.456,13.894,DE,Substation,True,False
n4547,s5051,380.0,Graustein,51.532669,14.441528,DE,Substation,True,False
n4548,s5052,380.0,Bärwalde,51.363207,14.47998,DE,Substation,True,False
n4549,s5053,380.0,Hagenwerder,51.146617,14.80957,DE,Substation,True,False
n4550,s5054,380.0,Eisenhüttenstadt,52.125058,14.61731,DE,Substation,True,False
n4551,s5056,380.0,Reuter,52.409121,12.816925,DE,Substation,True,False
n4552,s5057,380.0,Marzahn,52.425873,13.643646,DE,Substation,True,False
n4553,s5059,380.0,Pulgar,51.268789,12.384338,DE,Substation,True,False
n4554,s5060,380.0,Altenfeld,50.490716,11.147003,DE,Substation,True,False
n4555,s5061,380.0,Jänschwalde,51.730431,14.595337,DE,Brown coal/Lignite,False,False
n4556,s5062,380.0,Schwarze Pumpe,51.501049,14.206696,DE,Brown coal/Lignite,False,False
n4557,s5063,380.0,Boxberg,51.292841,14.672241,DE,Brown coal/Lignite,False,False
n4558,s5065,380.0,Windpark Schönewalde,51.733833,13.167114,DE,Substation,True,False
n4559,s5066,380.0,Markersbach,50.605903,12.97348,DE,Substation,True,False
n4560,s5067,220.0,Niederwartha,51.094036,13.581848,DE,Substation,True,False
n4561,s5068,380.0,Lauchstädt,51.415482,11.807556,DE,Substation,True,False
n4562,s5069,380.0,Freiberg/Nord,51.024121,13.130035,DE,Substation,True,False
n4569,s5074,380.0,Mikułowa,51.059000000000005,15.088,PL,Substation,False,False
n4575,s5082,220.0,Stahlwerk Thüringen,50.668613,11.35025,DE,Substation,True,False
n4576,s5084,380.0,Mitte,52.302601,13.168488,DE,Substation,True,False
n4577,s5095,220.0,Sandtorstraße,52.185721,11.90506,DE,Substation,True,False
n4579,s5098,380.0,Heinersdorf,52.259752,14.414062,DE,Substation,True,False
n4580,s5099,220.0,Diefflen,49.473,6.74,DE,Substation,True,False
n4581,s5099,380.0,Diefflen,49.453,6.74,DE,Substation,True,False
n4582,s5100,380.0,Jessen/Nord,51.843414,12.96524,DE,Substation,True,False
n4583,s5101,220.0,Weiher,49.340336,7.02987699999999,DE,Brown coal/Lignite,False,False
n4584,s5102,220.0,Voerde,51.56,6.714,DE,Brown coal/Lignite,False,False
n4585,s5102,380.0,Voerde,51.54,6.714,DE,Brown coal/Lignite,False,False
n4586,s5105,380.0,BASF,49.482401,8.40591400000001,DE,Fossil gas,False,False
n4587,s5106,220.0,Biblis,49.703,8.536,DE,Substation,True,False
n4588,s5106,380.0,Biblis,49.683,8.536,DE,Substation,True,False
n4589,s5109,220.0,Veltheim,52.173089,8.92501799999999,DE,Brown coal/Lignite,False,False
n4590,s5110,220.0,Landesbergen,52.54,9.168,DE,Fossil gas,False,False
n4591,s5110,380.0,Landesbergen,52.52,9.168,DE,Fossil gas,False,False
n4592,s5111,380.0,Grohnde,51.940032,9.42077599999999,DE,Substation,True,False
n4593,s5112,220.0,Erzhausen,51.814558,9.93026700000001,DE,Hydro pure pump storage,False,False
n4594,s5113,220.0,Mehrum,52.24462,10.180206,DE,Substation,True,False
n4595,s5114,220.0,Hallendorf,52.117469,10.443878,DE,Brown coal/Lignite,False,False
n4596,s5115,380.0,Buschhaus,52.113252,10.965729,DE,Brown coal/Lignite,False,False
n4597,s5125,380.0,Aschaffenburg,49.909671,9.360352,DE,Substation,True,False
n4598,s5140,220.0,Hütte,49.351967,6.67694100000001,DE,Substation,True,False
n4599,s5141,220.0,Saarwellingen,49.431519,6.624756,DE,Substation,True,False
n4600,s5142,220.0,Bauler,49.990967,6.256714,DE,Substation,True,False
n4601,s5143,220.0,Niederstedem,49.975,6.527,DE,Substation,True,False
n4602,s5143,380.0,Niederstedem,49.955000000000005,6.527,DE,Substation,True,False
n4603,s5144,220.0,Trier,49.688955,6.64810199999999,DE,Substation,True,False
n4604,s5145,380.0,Dahlem,50.403266,6.568451,DE,Substation,True,False
n4605,s5146,220.0,Otterbach,49.417,7.701,DE,Substation,True,False
n4606,s5146,380.0,Otterbach,49.397,7.701,DE,Substation,True,False
n4607,s5147,380.0,Bexbach,49.421694,7.257843,DE,Substation,True,False
n4608,s5148,220.0,Uchtelfangen,49.398,6.942,DE,Substation,True,False
n4609,s5148,380.0,Uchtelfangen,49.378,6.942,DE,Substation,True,False
n4610,s5149,220.0,Homburg,49.326912,7.36083999999999,DE,Substation,True,False
n4611,s5150,220.0,Wengerohr,50.095036,7.00378399999999,DE,Substation,True,False
n4612,s5151,220.0,Weißenthurm,50.386,7.381,DE,Substation,True,False
n4613,s5151,380.0,Weißenthurm,50.366,7.381,DE,Substation,True,False
n4614,s5152,220.0,Koblenz,50.333,7.585,DE,Substation,True,False
n4615,s5152,380.0,Koblenz,50.313,7.585,DE,Substation,True,False
n4616,s5153,380.0,Philippsburg,49.20414,8.411407,DE,Substation,True,False
n4617,s5154,220.0,Niederhausen,49.796336,7.724762,DE,Substation,True,False
n4618,s5155,220.0,Marxheim,50.05,8.352,DE,Substation,True,False
n4619,s5155,380.0,Marxheim,50.03,8.352,DE,Substation,True,False
n4620,s5156,380.0,Bischofsheim,49.902596,8.393555,DE,Substation,True,False
n4621,s5157,380.0,Limburg,50.397138,8.11202999999999,DE,Substation,True,False
n4622,s5158,220.0,St. Peter,51.105,6.791,DE,Substation,True,False
n4623,s5158,380.0,St. Peter,51.085,6.791,DE,Substation,True,False
n4624,s5159,380.0,Niederaußem,50.996472,6.54647799999999,DE,Substation,True,False
n4625,s5160,380.0,Zukunft,50.831963,6.27868699999999,DE,Substation,True,False
n4626,s5161,380.0,Siersdorf,50.915156,6.236115,DE,Substation,True,False
n4627,s5162,380.0,Oberzier,50.830228,6.46545399999999,DE,Substation,True,False
n4628,s5163,380.0,Paffendorf,50.9342,6.51351899999999,DE,Substation,True,False
n4629,s5164,220.0,Rommerskirchen,51.006,6.68,DE,Substation,True,False
n4630,s5164,380.0,Rommerskirchen,50.986,6.68,DE,Substation,True,False
n4631,s5165,220.0,Dülken,51.232,6.367,DE,Substation,True,False
n4632,s5165,380.0,Dülken,51.212,6.367,DE,Substation,True,False
n4633,s5166,220.0,Norf,51.163844,6.70028700000001,DE,Substation,True,False
n4634,s5167,380.0,Neurath,51.061249,6.55197100000001,DE,Substation,True,False
n4635,s5168,380.0,Gohrpunkt,51.113869,6.628876,DE,Substation,True,False
n4636,s5169,220.0,Osterath,51.256,6.586,DE,Substation,True,False
n4637,s5169,380.0,Osterath,51.236,6.586,DE,Substation,True,False
n4638,s5170,220.0,Mündelheim,51.356,6.601,DE,Substation,True,False
n4639,s5170,380.0,Mündelheim,51.336,6.601,DE,Substation,True,False
n4640,s5171,220.0,Pfalzdorf,51.618869,6.2677,DE,Substation,True,False
n4641,s5172,380.0,Utfort,51.454863,6.591797,DE,Substation,True,False
n4642,s5173,220.0,Niederrhein,51.64,6.617,DE,Substation,True,False
n4643,s5173,380.0,Niederrhein,51.620000000000005,6.617,DE,Substation,True,False
n4644,s5174,220.0,Gersteinwerk,51.724,7.831,DE,Substation,True,False
n4645,s5174,380.0,Gersteinwerk,51.704,7.831,DE,Substation,True,False
n4646,s5175,220.0,Dortmund,51.524,7.314,DE,Substation,True,False
n4647,s5175,380.0,Dortmund,51.504000000000005,7.314,DE,Substation,True,False
n4648,s5176,220.0,Linde,51.217,7.131,DE,Substation,True,False
n4649,s5176,380.0,Linde,51.197,7.131,DE,Substation,True,False
n4650,s5177,220.0,Opladen,51.061,6.993,DE,Substation,True,False
n4651,s5177,380.0,Opladen,51.041,6.993,DE,Substation,True,False
n4652,s5178,220.0,Sechtem,50.784,6.923,DE,Substation,True,False
n4653,s5178,380.0,Sechtem,50.764,6.923,DE,Substation,True,False
n4654,s5179,220.0,Eller,51.175038,6.87057499999999,DE,Substation,True,False
n4655,s5180,380.0,Ohligs,51.125075,6.95846599999999,DE,Substation,True,False
n4656,s5181,220.0,Siegburg,50.798,7.155,DE,Substation,True,False
n4657,s5181,380.0,Siegburg,50.778,7.155,DE,Substation,True,False
n4658,s5182,380.0,Ließem,50.632042,7.098541,DE,Substation,True,False
n4659,s5183,220.0,Gremberghoven,50.888308,7.028503,DE,Substation,True,False
n4660,s5184,380.0,Bollenacker,50.897836,7.21527100000001,DE,Substation,True,False
n4661,s5185,220.0,Scholven,51.495065,7.024384,DE,Substation,True,False
n4662,s5186,220.0,Büscherhof,51.469,6.851,DE,Substation,True,False
n4663,s5186,380.0,Büscherhof,51.449000000000005,6.851,DE,Substation,True,False
n4664,s5187,380.0,Selbeck,51.329754,6.81839,DE,Substation,True,False
n4665,s5188,380.0,Eiberg,51.409486,6.93786600000001,DE,Substation,True,False
n4666,s5189,380.0,unknown,51.537794,6.834869,DE,Substation,True,False
n4667,s5190,380.0,Polsum,51.58475,6.98181199999998,DE,Substation,True,False
n4668,s5191,220.0,Witten,51.423,7.136,DE,Substation,True,False
n4669,s5191,380.0,Witten,51.403,7.136,DE,Substation,True,False
n4670,s5192,220.0,Hattingen,51.353,7.155,DE,Substation,True,False
n4671,s5192,380.0,Hattingen,51.333000000000006,7.155,DE,Substation,True,False
n4672,s5193,220.0,Witten,51.416,7.28,DE,Substation,True,False
n4673,s5193,380.0,Witten,51.396,7.28,DE,Substation,True,False
n4674,s5194,380.0,Kusenhorst,51.659779,7.065582,DE,Substation,True,False
n4675,s5195,380.0,Bochum,51.470263,7.18231199999999,DE,Substation,True,False
n4676,s5196,220.0,Pöppinghausen,51.55,7.229,DE,Substation,True,False
n4677,s5196,380.0,Pöppinghausen,51.53,7.229,DE,Substation,True,False
n4678,s5197,220.0,Altenkleusheim,51.069,8.001,DE,Substation,True,False
n4679,s5197,380.0,Altenkleusheim,51.049,8.001,DE,Substation,True,False
n4680,s5198,220.0,Dauersberg,50.823,7.921,DE,Substation,True,False
n4681,s5198,380.0,Dauersberg,50.803,7.921,DE,Substation,True,False
n4682,s5199,380.0,Bomig,50.977453,7.518768,DE,Substation,True,False
n4683,s5200,220.0,Eiserfeld,50.894,8.058,DE,Substation,True,False
n4684,s5200,380.0,Eiserfeld,50.874,8.058,DE,Substation,True,False
n4685,s5201,220.0,Setzer Wiese,50.929872,8.24661300000001,DE,Substation,True,False
n4686,s5202,220.0,Koepchenwerk,51.361,7.472,DE,Substation,True,False
n4687,s5202,380.0,Koepchenwerk,51.341,7.472,DE,Substation,True,False
n4688,s5203,220.0,Bixterheide,51.348628,7.69592299999999,DE,Substation,True,False
n4689,s5204,220.0,Garenfeld,51.437,7.397,DE,Substation,True,False
n4690,s5204,380.0,Garenfeld,51.417,7.397,DE,Substation,True,False
n4691,s5205,220.0,Harpen,51.4925,7.50366199999999,DE,Substation,True,False
n4692,s5207,220.0,Lippborg,51.664,8.069,DE,Substation,True,False
n4693,s5207,380.0,Lippborg,51.644000000000005,8.069,DE,Substation,True,False
n4694,s5208,380.0,Gronau,52.212656,7.128754,DE,Substation,True,False
n4695,s5209,380.0,Emsland,52.464377,7.26745599999999,DE,Substation,True,False
n4696,s5210,220.0,Wehrendorf,52.354,8.285,DE,Substation,True,False
n4697,s5210,380.0,Wehrendorf,52.334,8.285,DE,Substation,True,False
n4698,s5211,220.0,Roxel,51.985,7.677,DE,Substation,True,False
n4699,s5211,380.0,Roxel,51.965,7.677,DE,Substation,True,False
n4700,s5212,220.0,Ibbenbüren,52.258,7.707,DE,Substation,True,False
n4701,s5212,380.0,Ibbenbüren,52.238,7.707,DE,Substation,True,False
n4702,s5213,220.0,Hesseln,52.052,8.207,DE,Substation,True,False
n4703,s5213,380.0,Hesseln,52.032,8.207,DE,Substation,True,False
n4704,s5214,220.0,Westerkappeln,52.292,7.931,DE,Substation,True,False
n4705,s5214,380.0,Westerkappeln,52.272,7.931,DE,Substation,True,False
n4706,s5215,220.0,Lüstringen,52.264,8.145,DE,Substation,True,False
n4707,s5215,380.0,Lüstringen,52.244,8.145,DE,Substation,True,False
n4708,s5216,380.0,Neurott,49.300054,8.60504200000001,DE,Substation,True,False
n4709,s5217,220.0,Altlußheim,49.283036,8.48007200000001,DE,Substation,True,False
n4710,s5218,380.0,Bruchsal,49.114332,8.54186999999999,DE,Substation,True,False
n4711,s5219,380.0,Wiesloch,49.208626,8.589935,DE,Substation,True,False
n4712,s5220,380.0,Hüffenhardt,49.275869,8.96484399999999,DE,Substation,True,False
n4713,s5221,380.0,Heilbronn,49.156562,9.29855300000001,DE,Substation,True,False
n4714,s5222,380.0,Kupferzell,49.263324,9.547119,DE,Substation,True,False
n4715,s5223,380.0,Dipperz,50.543108,9.672089,DE,Substation,True,False
n4716,s5224,220.0,Dörnigheim,50.143466,8.809662,DE,Substation,True,False
n4717,s5225,220.0,Kelsterbach,49.999,8.535,DE,Substation,True,False
n4718,s5225,380.0,Kelsterbach,49.979,8.535,DE,Substation,True,False
n4719,s5226,220.0,Rheinau,49.381479,8.54461699999999,DE,Substation,True,False
n4720,s5227,220.0,BASF,49.442,8.501,DE,Substation,True,False
n4721,s5227,380.0,BASF,49.422,8.501,DE,Substation,True,False
n4722,s5228,380.0,Bürstadt,49.603591,8.47320599999999,DE,Substation,True,False
n4723,s5229,380.0,Weinheim,49.530557,8.680573,DE,Substation,True,False
n4724,s5230,220.0,Urberach,49.942,8.8,DE,Substation,True,False
n4725,s5230,380.0,Urberach,49.922,8.8,DE,Substation,True,False
n4726,s5231,380.0,Kriftel,50.115295,8.53088400000001,DE,Substation,True,False
n4727,s5232,380.0,Dillenburg,50.789443,8.45397899999999,DE,Substation,True,False
n4728,s5233,380.0,Arpe,51.158677,8.38806200000001,DE,Substation,True,False
n4729,s5234,380.0,Karben,50.242814,8.76022300000001,DE,Substation,True,False
n4730,s5235,380.0,Gießen/Nord,50.657297,8.705292,DE,Substation,True,False
n4731,s5236,380.0,Nehden,51.385495,8.69293200000001,DE,Substation,True,False
n4732,s5237,220.0,Beerfelden,49.516293,8.945618,DE,Substation,True,False
n4733,s5238,220.0,Großkrotzenburg,50.105,8.973,DE,Substation,True,False
n4734,s5238,380.0,Großkrotzenburg,50.085,8.973,DE,Substation,True,False
n4735,s5239,220.0,Trennfeld,49.720928,9.500427,DE,Substation,True,False
n4736,s5240,380.0,Höpfingen,49.603591,9.36309800000001,DE,Substation,True,False
n4737,s5241,380.0,Borken,51.029304,9.25872799999999,DE,Substation,True,False
n4738,s5242,380.0,Waldeck,51.084547,9.02526899999999,DE,Substation,True,False
n4739,s5243,380.0,Twistetal,51.344339,8.89617900000001,DE,Substation,True,False
n4740,s5244,380.0,Mecklar,50.85971,9.621277,DE,Substation,True,False
n4741,s5245,380.0,Bergshausen,51.194836,9.52926599999999,DE,Substation,True,False
n4742,s5246,220.0,Sandershausen,51.306579,9.55261199999999,DE,Substation,True,False
n4743,s5247,380.0,Ovenstädt,52.390687,8.89343299999999,DE,Substation,True,False
n4744,s5248,220.0,Bechterdissen,52.024,8.759,DE,Substation,True,False
n4745,s5248,380.0,Bechterdissen,52.004000000000005,8.759,DE,Substation,True,False
n4746,s5249,220.0,Gütersloh,51.908,8.429,DE,Substation,True,False
n4747,s5249,380.0,Gütersloh,51.888000000000005,8.429,DE,Substation,True,False
n4748,s5250,220.0,Paderborn-Süd,51.668297,8.81515500000001,DE,Substation,True,False
n4749,s5251,220.0,Bielefeld Ost,52.036,8.609,DE,Substation,True,False
n4750,s5251,380.0,Bielefeld Ost,52.016000000000005,8.609,DE,Substation,True,False
n4751,s5252,380.0,Eickum,52.104818,8.66546600000001,DE,Substation,True,False
n4752,s5253,220.0,Lage,51.994,8.952,DE,Substation,True,False
n4753,s5253,380.0,Lage,51.974,8.952,DE,Substation,True,False
n4754,s5254,380.0,Elsen,51.707459,8.691559,DE,Substation,True,False
n4755,s5255,220.0,Meißen,52.245461,9.12277200000001,DE,Substation,True,False
n4756,s5256,220.0,Hannover West,52.277401,9.65286300000001,DE,Substation,True,False
n4757,s5257,380.0,Oberhaid,49.957405,10.784454,DE,Substation,True,False
n4758,s5258,380.0,Bergrheinfeld,49.987435,9.92477399999999,DE,Substation,True,False
n4759,s5259,380.0,Grafenrheinfeld,49.950336,10.081329,DE,Substation,True,False
n4760,s5260,380.0,Raitersaich,49.407399,10.80368,DE,Substation,True,False
n4761,s5261,220.0,Hardegsen,51.627395,9.74899299999999,DE,Substation,True,False
n4762,s5262,220.0,Göttingen,51.466841,9.83276399999998,DE,Substation,True,False
n4763,s5263,220.0,Godenau,51.980651,9.77508500000001,DE,Substation,True,False
n4764,s5264,380.0,Eisenach,50.942854,10.393066,DE,Substation,True,False
n4765,s5265,380.0,Kriegenbrunn,49.628504,11.023407,DE,Substation,True,False
n4766,s5266,380.0,Würgau,49.992733,11.026154,DE,Substation,True,False
n4767,s5267,220.0,Wolkramshausen,51.47454,11.017914,DE,Substation,True,False
n4768,s5268,220.0,Lahe,52.379791,9.889069,DE,Substation,True,False
n4769,s5269,220.0,Lehrte,52.337856,10.022278,DE,Substation,True,False
n4770,s5270,380.0,Algermissen,52.198349,9.94674700000001,DE,Substation,True,False
n4771,s5271,220.0,Klein Ilsede,52.296,10.301,DE,Substation,True,False
n4772,s5271,380.0,Klein Ilsede,52.276,10.301,DE,Substation,True,False
n4773,s5272,380.0,Hattorf,52.338695,10.831146,DE,Substation,True,False
n4774,s5273,220.0,Gleidingen,52.198349,10.511169,DE,Substation,True,False
n4775,s5274,220.0,Wahle,52.268,10.453,DE,Substation,True,False
n4776,s5274,380.0,Wahle,52.248000000000005,10.453,DE,Substation,True,False
n4777,s5276,380.0,Eltmann,49.939731,10.259857,DE,Substation,True,False
n4778,s5277,380.0,Ibbenbüren,52.315195,7.701416,DE,Brown coal/Lignite,False,False
n4779,s5278,380.0,Goldenberg,50.855376,6.730499,DE,Substation,True,False
n4780,s5279,380.0,Würgassen,51.580483,9.394684,DE,Substation,True,False
n4781,s5280,220.0,Frankfurt-Südwest,50.158,8.619,DE,Substation,True,False
n4782,s5280,380.0,Frankfurt-Südwest,50.138000000000005,8.619,DE,Substation,True,False
n4783,s5281,380.0,Goldisthal,50.406767,11.046753,DE,Hydro pure pump storage,False,False
n4784,s5282,380.0,Aßlar,50.66252,8.48419199999999,DE,Substation,True,False
n4785,s5283,380.0,Schweinfurt,50.131143,10.030518,DE,Substation,True,False
n4786,s5284,380.0,Verlautenheide,50.816348,6.04247999999999,DE,Substation,True,False
n4787,s5285,220.0,Quint,49.834,6.699,DE,Substation,True,False
n4788,s5285,380.0,Quint,49.814,6.699,DE,Substation,True,False
n4789,s5286,220.0,Braunschweig Nord,52.306799,10.680084,DE,Substation,True,False
n4790,s5287,380.0,Enniger,51.800123,8.245239,DE,Substation,True,False
n4791,s5288,380.0,Vörden,51.76529,9.24911499999999,DE,Substation,True,False
n4793,s5291,220.0,Heisdorf,49.713825,6.26220699999999,LU,Substation,False,False
n4798,s5296,220.0,Vianden,49.990084,6.057587,LU,Substation,False,False
n4799,s5297,220.0,Roost,49.781264,6.10977199999999,LU,Substation,False,False
n4800,s5298,220.0,Flebour,49.891096,6.17569,LU,Substation,False,False
n4813,s5310,380.0,Lixhe,50.72,5.688,BE,Substation,False,False
n4825,s5323,380.0,Vigy,49.173,6.253,FR,Substation,False,False
n4826,s5324,220.0,St. Avold,49.142,6.676,FR,Substation,False,False
n4836,s5334,380.0,Maasbracht,51.179343,5.91064499999999,NL,Substation,False,False
n4839,s5337,380.0,Doetinchem,52.000101,6.26220699999999,NL,Substation,False,False
n4842,s5340,380.0,Hengelo,52.19919,6.703033,NL,Substation,False,False
n4844,s5348,220.0,Ensdorf,49.303,6.699,DE,Substation,True,False
n4845,s5348,380.0,Ensdorf,49.283,6.699,DE,Substation,True,False
n4846,s5356,380.0,GKN 2,49.105343,9.33013899999999,DE,Nuclear,False,False
n4847,s5357,220.0,Waldlaubershaim,49.953,7.857,DE,Substation,True,False
n4848,s5357,380.0,Waldlaubershaim,49.933,7.857,DE,Substation,True,False
n4852,s5363,380.0,Großgartach,49.155664,9.06234699999999,DE,Substation,True,False
n4854,s5365,380.0,Bergrheinfeld/West,49.927356,9.908295,DE,Substation,True,False
n4855,s5368,380.0,Dettingen,49.979488,8.97995000000001,DE,Substation,True,False
n5525,s6068,380.0,Bjæverskov,55.44,11.952339745962156,DK,Substation,False,False
n5534,s6078,380.0,Görries,53.563152,11.46286,DE,Substation,True,False
n5535,s6079,220.0,Pasewalk,53.456985,13.981476,DE,Substation,True,False
n5536,s6080,380.0,Perleberg,53.065976,11.946259,DE,Substation,True,False
n5537,s6081,220.0,Hennigsdorf,52.652,13.049,DE,Substation,True,False
n5538,s6081,380.0,Hennigsdorf,52.632000000000005,13.049,DE,Substation,True,False
n5539,s6082,380.0,Malchow,52.593038,13.410187,DE,Substation,True,False
n5540,s6083,220.0,Vierraden,53.099,14.252,DE,Substation,True,False
n5541,s6083,380.0,Vierraden,53.079,14.252,DE,Substation,True,False
n5542,s6084,380.0,Rostock,54.14366,12.128323,DE,Substation,True,False
n5543,s6085,132.0,Bentwisch,54.077,12.273,DE,Substation,True,False
n5544,s6085,220.0,Bentwisch,54.062,12.281660254037844,DE,Substation,True,False
n5545,s6085,380.0,Bentwisch,54.062,12.264339745962156,DE,Substation,True,False
n5546,s6086,220.0,Güstrow,53.769,12.206,DE,Substation,True,False
n5547,s6086,380.0,Güstrow,53.749,12.206,DE,Substation,True,False
n5549,s6088,220.0,Lüdershagen,54.258807,13.066864,DE,Substation,True,False
n5550,s6089,380.0,Siedenbrünzow,53.837943,13.141022,DE,Substation,True,False
n5551,s6090,220.0,Lubmin,54.123,13.601,DE,Substation,True,False
n5552,s6090,380.0,Lubmin,54.103,13.601,DE,Substation,True,False
n5553,s6092,220.0,Windpark Bertikow,53.196161,13.768616,DE,Substation,True,False
n5554,s6093,380.0,Windpark Putlitz,53.334153,12.253876,DE,Substation,True,False
n5555,s6096,380.0,Wessin,53.550099,11.797943,DE,Substation,True,False
n5556,s6097,380.0,Stendal West,52.733797,11.759491,DE,Substation,True,False
n5557,s6098,132.0,Baltic 1,54.580817,12.54364,DE,Wind farm,False,False
n5559,s6100,380.0,Krajnik,53.155,14.442,PL,Substation,False,False
n5572,s6111,380.0,Arrie,55.58145,13.189087,SE,Substation,False,False
n5574,s6113,380.0,Hurva,55.86067,13.580475,SE,Substation,False,False
n5579,s6118,132.0,Baltic 2,54.715895,12.870483,DE,Wind farm,False,False
n5588,s6135,132.0,Kriegers Flak,55.001,13.008,DK,Wind farm,False,False
n5591,s6138,220.0,Windpark Iven,53.792539,13.30307,DE,Substation,True,False
n5592,s6141,380.0,Windpark Altentreptow/Nord,53.621838,13.351135,DE,Substation,True,False
n5596,s6149,380.0,Altentreptow/Süd,53.574569,13.216553,DE,Substation,True,False
n5597,s6150,380.0,Putlitz/Süd,53.273426,12.396698,DE,Substation,True,False
n5598,s6151,380.0,Parchim/Süd,53.568861,12.274475,DE,Substation,True,False
n5599,s6152,380.0,Gransee,52.844253,13.208313,DE,Substation,True,False
n5602,s6157,132.0,Ensted,55.027,9.516,DK,Substation,False,False
n5606,s6158,380.0,Kassø,55.069,9.287339745962155,DK,Substation,False,False
n5643,s6190,220.0,Wilhelmshaven,53.520717,8.12576299999999,DE,Substation,True,False
n5644,s6191,220.0,Huntorf,53.108865,8.32488999999999,DE,Fossil gas,False,False
n5645,s6192,220.0,Farge,53.103094,8.556976,DE,Brown coal/Lignite,False,False
n5646,s6193,220.0,Brokdorf,53.839,9.382,DE,Nuclear,False,False
n5647,s6193,380.0,Brokdorf,53.819,9.382,DE,Nuclear,False,False
n5648,s6197,132.0,Emden/Borßum,53.43081,7.21252399999999,DE,Substation,True,False
n5649,s6198,380.0,Niederlangen,52.793628,7.227631,DE,Substation,True,False
n5650,s6199,380.0,Diele,53.057723,7.375946,DE,Substation,True,False
n5651,s6200,220.0,Emden,53.384,7.256,DE,Substation,True,False
n5653,s6201,220.0,Maade,53.565,8.002,DE,Substation,True,False
n5654,s6201,380.0,Maade,53.545,8.002,DE,Substation,True,False
n5655,s6202,220.0,Voslapp,53.615321,8.08868399999999,DE,Substation,True,False
n5656,s6203,220.0,Cloppenburg Ost,52.918839,8.07083100000001,DE,Substation,True,False
n5657,s6204,220.0,Conneforde,53.311,8.122,DE,Substation,True,False
n5658,s6204,380.0,Conneforde,53.291,8.122,DE,Substation,True,False
n5659,s6205,380.0,Ganderkesee,52.94781,8.46633900000001,DE,Substation,True,False
n5660,s6206,380.0,St. Hülfe,52.591369,8.36883500000001,DE,Substation,True,False
n5661,s6207,380.0,Unterweser,53.342353,8.39218100000001,DE,Substation,True,False
n5662,s6208,220.0,Blockland,52.990817,8.878326,DE,Substation,True,False
n5663,s6209,220.0,Wechold,52.820193,8.982697,DE,Substation,True,False
n5664,s6210,220.0,Brunsbüttel,53.917,9.242,DE,Substation,True,False
n5665,s6210,380.0,Brunsbüttel,53.897,9.242,DE,Substation,True,False
n5666,s6211,220.0,Sottrum,53.054,9.234,DE,Substation,True,False
n5667,s6211,380.0,Sottrum,53.034,9.234,DE,Substation,True,False
n5668,s6212,380.0,Wilster,53.907574,9.40567,DE,Substation,True,False
n5669,s6213,220.0,Abbenfleth,53.697,9.448,DE,Substation,True,False
n5670,s6213,380.0,Abbenfleth,53.677,9.448,DE,Substation,True,False
n5671,s6214,380.0,Dollern,53.415262,9.516907,DE,Substation,True,False
n5672,s6215,220.0,Itzehoe,53.961742,9.56909199999999,DE,Substation,True,False
n5673,s6216,380.0,Stadorf,53.006521,10.395813,DE,Substation,True,False
n5674,s6217,220.0,Hamburg-Nord,53.822,9.948,DE,Substation,True,False
n5675,s6217,380.0,Hamburg-Nord,53.802,9.948,DE,Substation,True,False
n5676,s6218,220.0,Kummerfeld,53.678002,9.67758199999999,DE,Substation,True,False
n5677,s6219,380.0,Hamburg-Süd,53.443899,9.88357500000001,DE,Substation,True,False
n5678,s6220,220.0,Audorf,54.315,9.76,DE,Substation,True,False
n5679,s6220,380.0,Audorf,54.295,9.76,DE,Substation,True,False
n5680,s6221,220.0,unknown,53.732,9.971,DE,Substation,True,False
n5681,s6221,380.0,unknown,53.712,9.971,DE,Substation,True,False
n5682,s6222,380.0,Hamburg-Ost,53.568045,10.254364,DE,Substation,True,False
n5683,s6223,220.0,Kiel/West,54.334829,10.118415,DE,Substation,True,False
n5684,s6224,220.0,Kiel-Süd,54.249982,10.162354,DE,Substation,True,False
n5685,s6225,380.0,Krümmel,53.435719,10.458984,DE,Substation,True,False
n5686,s6226,380.0,Lüneburg,53.264392,10.441132,DE,Substation,True,False
n5687,s6227,220.0,Lübeck,53.833891,10.548248,DE,Substation,True,False
n5688,s6228,380.0,Herrenwyk,53.947196,10.881958,DE,Substation,True,False
n5689,s6229,220.0,Siems,53.882,10.757,DE,Substation,True,False
n5690,s6229,380.0,Siems,53.862,10.757,DE,Substation,True,False
n5692,s6231,380.0,Rhede,52.902276,7.193298,DE,Substation,True,False
n5693,s6232,380.0,Meppen,52.69969,7.24411,DE,Substation,True,False
n5694,s6233,380.0,Alfstedt,53.467613,9.001923,DE,Substation,True,False
n5695,s6234,132.0,Flensburg,54.752,9.407,DE,Substation,True,False
n5696,s6234,220.0,Flensburg,54.732,9.407,DE,Substation,True,False
n5697,s6235,380.0,Moorburg,53.496216,9.99893199999999,DE,Hard coal,False,False
n5702,s6245,380.0,Meeden,53.011478,6.97631799999999,NL,Substation,False,False
n7151,s7830,380.0,,48.8095536462437,9.3577410955065,DE,joint,False,False
n5710,s6254,220.0,Stade,53.568861,9.34936500000001,DE,Substation,True,False
n5711,s6255,220.0,Götzdorf,53.618579,9.445496,DE,Substation,True,False
n5713,s6257,132.0,Hagermarsch,53.664985,7.518768,DE,Substation,True,False
n5714,s6259,220.0,Kiel,54.383756,10.324402,DE,Brown coal/Lignite,False,False
n5732,s6286,380.0,Büttel,53.931837,9.327393,DE,Substation,True,False
n5733,s6287,380.0,Dörpen/West,52.847571,7.16171299999999,DE,Substation,True,False
n5734,s6288,380.0,Jardelund,54.792768,9.253235,DE,Substation,True,False
n5735,s6289,220.0,Bützfleth,53.721092,9.324646,DE,Substation,True,False
n5738,s6292,380.0,Ohlensehlen,52.591369,8.81515500000001,DE,Substation,True,False
n5739,s6293,380.0,Farge,53.025522,8.59268199999999,DE,Substation,True,False
n5740,s6294,380.0,Süderdonn,54.120602,9.29306,DE,Substation,True,False
n6203,s6785,300.0,Tonstad,58.659799,6.82251000000001,NO,Hydro pure storage,False,False
n6839,s7544,220.0,,51.272,6.466,DE,joint,False,False
n6840,s7544,380.0,,51.252,6.466,DE,joint,False,False
n6841,s7545,220.0,,51.648,7.696,DE,joint,False,False
n6842,s7545,380.0,,51.628,7.696,DE,joint,False,False
n6843,s7546,220.0,,51.5,6.925,DE,joint,False,False
n6844,s7546,380.0,,51.48,6.925,DE,joint,False,False
n6845,s7547,380.0,,49.135003,8.68743899999999,DE,joint,False,False
n6846,s7548,220.0,,49.315,8.648,DE,joint,False,False
n6847,s7548,380.0,,49.295,8.648,DE,joint,False,False
n6848,s7549,220.0,,52.364,9.279,DE,joint,False,False
n6849,s7549,380.0,,52.344,9.279,DE,joint,False,False
n6850,s7550,380.0,,51.817105,13.083344,DE,joint,False,False
n6851,s7551,220.0,,49.546,8.546,DE,joint,False,False
n6852,s7551,380.0,,49.526,8.546,DE,joint,False,False
n6853,s7552,380.0,,47.6163830585205,9.66342984416435,DE,joint,False,False
n6854,s7553,220.0,,49.771509,6.56021099999999,DE,joint,False,False
n7261,s7931,380.0,,50.0562569336238,9.06920626637131,DE,joint,False,False
n7264,s7938,220.0,,53.412,7.156,DE,joint,False,False
n7266,s7939,220.0,,49.467,8.598,DE,joint,False,False
n7267,s7939,380.0,,49.447,8.598,DE,joint,False,False
n7268,s7940,220.0,,49.444,7.605,DE,joint,False,False
n7269,s7940,380.0,,49.424,7.605,DE,joint,False,False
n7270,s7942,220.0,,49.103,9.123,DE,joint,False,False
n7271,s7942,380.0,,49.083000000000006,9.123,DE,joint,False,False
n7272,s7943,380.0,,52.0268686948702,11.8608057331922,DE,joint,False,False
n7273,s7944,380.0,,47.627188782863,7.61211063010961,DE,joint,False,False
n7274,s7946,380.0,,49.9811962320999,8.85236590221325,DE,joint,False,False
n7275,s7948,380.0,,52.7054009556843,13.5194504108298,DE,joint,False,False
n7276,s7949,380.0,,47.6366911167738,9.80235240729302,DE,joint,False,False
n7277,s7950,380.0,,48.7862046295837,9.3485050809948,DE,joint,False,False
n7278,s7951,380.0,,48.6384915659824,9.43633872881774,DE,joint,False,False
n7279,s7952,380.0,,47.9064277743692,8.41385138195524,DE,joint,False,False
n7280,s7953,380.0,,47.964181,8.50341800000001,DE,joint,False,False
n7281,s7954,380.0,,48.756104587978,9.44225162186851,DE,joint,False,False
n7282,s7955,380.0,,50.9274308183605,6.8076118361516,DE,joint,False,False
n7486,s8187,220.0,,53.673121,9.27520799999999,DE,joint,False,False
n7487,s8188,380.0,,50.894372,11.597443,DE,joint,False,False
n7489,s8190,380.0,,52.614723,12.233276,DE,joint,False,False
n7610,s8369,220.0,,52.704683,12.978973,DE,joint,False,False
n7637,s8407,380.0,,52.114096,14.440155,DE,joint,False,False
n7641,s8411,380.0,,50.959292,13.128662,DE,joint,False,False
n7649,s8419,220.0,,47.800242,8.87832600000001,DE,joint,False,False
n7652,s8422,220.0,,49.408,7.177,DE,joint,False,False
n7653,s8422,380.0,,49.388000000000005,7.177,DE,joint,False,False
n7672,s8440,380.0,,51.010299,10.345001,DE,joint,False,False
n7681,s8449,380.0,,52.792797,7.13012700000001,DE,joint,False,False
n7682,s8450,380.0,,51.567681,12.171478,DE,joint,False,False
n7688,s8456,380.0,,53.559073,12.553253,DE,joint,False,False
n7704,s8472,380.0,,50.264765,7.505035,DE,joint,False,False
n7711,s8479,380.0,,49.349283,6.84448199999999,DE,joint,False,False
n7712,s8480,380.0,,50.306007,8.12439000000001,DE,joint,False,False
n7720,s8488,220.0,,53.582,12.133,DE,joint,False,False
n7721,s8488,380.0,,53.562000000000005,12.133,DE,joint,False,False
n7723,s8490,220.0,,51.401,6.503,DE,joint,False,False
n7724,s8490,380.0,,51.381,6.503,DE,joint,False,False
n7726,s8492,220.0,,53.188756,13.94165,DE,joint,False,False
n7729,s8495,220.0,,54.913725,9.41390999999999,DK,joint,False,False
n7745,s8508,380.0,,49.884017,10.020905,DE,joint,False,False
n7756,s8519,380.0,,49.60804,10.007172,DE,joint,False,False
n7760,s8523,380.0,,53.625095,11.725159,DE,joint,False,False
n7769,s8532,220.0,,47.538,11.216,DE,joint,False,False
n7783,s8545,380.0,,48.281365,10.06485,DE,joint,False,False
n7786,s8548,380.0,,52.503684,7.33749399999999,DE,joint,False,False
n7788,s8550,380.0,,51.825593,13.165741,DE,joint,False,False
n7790,s8552,220.0,,49.845,6.632,DE,joint,False,False
n7791,s8552,380.0,,49.825,6.632,DE,joint,False,False
n7795,s8556,220.0,,50.993879,8.032379,DE,joint,False,False
n7798,s8559,380.0,,49.562634,8.45672599999999,DE,joint,False,False
n7800,s8561,380.0,,51.76869,7.99392699999999,DE,joint,False,False
n7805,s8566,380.0,,50.66339,12.906189,DE,joint,False,False
n7823,s8584,220.0,,49.546598,6.61926300000001,DE,joint,False,False
n7850,s8609,380.0,,48.441045,11.02066,DE,joint,False,False
n7852,s8611,220.0,,51.899376,8.54461699999999,DE,joint,False,False
n7857,s8615,380.0,,48.370848,11.737518,DE,joint,False,False
n7863,s8621,380.0,,51.97473,8.644867,DE,joint,False,False
n7870,s8628,380.0,,52.261434,14.317932,DE,joint,False,False
n7871,s8629,380.0,,53.874392,9.394684,DE,joint,False,False
n7872,s8630,220.0,,51.813,7.942,DE,joint,False,False
n7873,s8630,380.0,,51.793,7.942,DE,joint,False,False
n7878,s8635,380.0,,53.61695,9.61578400000001,DE,joint,False,False
n7879,s8636,220.0,,53.084952,9.02526899999999,DE,joint,False,False
n7884,s8641,220.0,,52.170563,9.07058700000001,DE,joint,False,False
n7888,s8644,220.0,,49.433,8.308,DE,joint,False,False
n7889,s8644,380.0,,49.413,8.308,DE,joint,False,False
n7890,s8645,380.0,,49.832668,8.48281900000001,DE,joint,False,False
n7892,s8647,220.0,,51.063839,12.626038,DE,joint,False,False
n7897,s8652,380.0,,51.388923,8.85635399999999,DE,joint,False,False
n7901,s8656,220.0,,53.748711,13.276978,DE,joint,False,False
n7907,s8662,380.0,,50.867511,12.062988,DE,joint,False,False
n7910,s8665,220.0,,49.782151,9.50591999999999,DE,joint,False,False
n7913,s8668,380.0,,50.195364,8.756104,DE,joint,False,False
n7916,s8671,380.0,,51.76529,12.988586,DE,joint,False,False
n7933,s8685,380.0,,50.952371,13.808441,DE,joint,False,False
n7934,s8686,380.0,,52.838447,13.314056,DE,joint,False,False
n7938,s8690,220.0,,51.76869,9.77096600000001,DE,joint,False,False
n7939,s8691,380.0,,53.648708,13.274231,DE,joint,False,False
n7941,s8693,380.0,,52.459357,7.96920800000001,DE,joint,False,False
n7944,s8696,380.0,,48.459263,10.453491,DE,joint,False,False
n7952,s8704,220.0,,53.234811,8.32900999999999,DE,joint,False,False
n7959,s8710,380.0,,48.451066,9.18594400000001,DE,joint,False,False
n7961,s8712,380.0,,49.8083020020272,12.9549405,CZ,joint,False,False
n7967,s8718,380.0,,53.012305,12.075348,DE,joint,False,False
n7975,s8726,220.0,,48.867425,8.47732499999999,DE,joint,False,False
n7976,s8727,380.0,,51.037076,7.54623400000001,DE,joint,False,False
n7983,s8733,380.0,,50.981776,6.22787499999999,DE,joint,False,False
n7984,s8734,220.0,,48.391826,12.788086,DE,joint,False,False
n7988,s8738,380.0,,52.373084127351,12.9357145,DE,joint,False,False
n7989,s8739,220.0,,53.116284,13.930664,DE,joint,False,False
n7996,s8745,220.0,,50.814612,8.059845,DE,joint,False,False
n7998,s8747,380.0,,51.145756,9.12551900000001,DE,joint,False,False
n8002,s8751,380.0,,52.533767,7.389679,DE,joint,False,False
n8013,s8762,380.0,,49.22836,8.894806,DE,joint,False,False
n8015,s8764,380.0,,52.46605,8.37432900000001,DE,joint,False,False
n8016,s8765,220.0,,50.6303,11.601562,DE,joint,False,False
n8028,s8777,380.0,,51.697246,7.693176,DE,joint,False,False
n8043,s8791,220.0,,54.258005,10.053864,DE,joint,False,False
n8045,s8793,220.0,,48.027,10.761,DE,joint,False,False
n8046,s8793,380.0,,48.007000000000005,10.761,DE,joint,False,False
n8047,s8794,380.0,,50.771208,6.811523,DE,joint,False,False
n8051,s8798,380.0,,53.182173,8.41964699999999,DE,joint,False,False
n8052,s8799,380.0,,53.067627,8.43887300000001,DE,joint,False,False
n8055,s8802,220.0,,51.955268,8.43749999999999,DE,joint,False,False
n8060,s8807,220.0,,53.196984,8.59542800000002,DE,joint,False,False
n8061,s8808,380.0,,49.561743,8.305664,DE,joint,False,False
n8066,s8813,380.0,,53.262749,12.31842,DE,joint,False,False
nLU,nLU,500.0,Luxembourg,49.77711774677989,6.087219075405838,LU,,True,True
nSE,nSE,500.0,Sweden,62.79003684875014,16.75446950240803,SE,,True,True
nAT,nAT,500.0,Austria,47.5871839671703,14.138847623989193,AT,,True,True
nBE,nBE,500.0,Belgium,50.64136789622731,4.65921472487438,BE,,True,True
nCZ,nCZ,500.0,Czech Republic,49.740147496591426,15.331019075095158,CZ,,True,True
nDK,nDK,500.0,Denmark,55.969430164681434,10.05153349177094,DK,,True,True
nFR,nFR,500.0,France,46.557923727082276,2.558388241322334,FR,,True,True
nNL,nNL,500.0,Netherlands,52.27255185011114,5.599783764681914,NL,,True,True
nNO,nNO,500.0,Norway,63.342806,10.459677,NO,,True,True
nPL,nPL,500.0,Poland,52.13125321465281,19.39066508349412,PL,,True,True
nCH,nCH,500.0,Switzerland,46.79967325265049,8.232764847372367,CH,,True,True
nBEL_north_sea_1,nBEL_north_sea_1,500.0,BEL_north_sea_1,51.46544555094507,2.705038546623524,BE,,False,True
nDNK_baltic_sea_1,nDNK_baltic_sea_1,500.0,DNK_baltic_sea_1,56.574315,11.634032,DK,,False,True
nDNK_north_sea_1,nDNK_north_sea_1,500.0,DNK_north_sea_1,56.425272,7.825166,DK,,False,True
nFRA_north_sea_1,nFRA_north_sea_1,500.0,FRA_north_sea_1,50.095828,-0.238387,FR,,False,True
nFRA_atlantic_1,nFRA_atlantic_1,500.0,FRA_atlantic_1,47.11915716317726,-4.760447604064633,FR,,False,True
nFRA_mediterranean_sea_1,nFRA_mediterranean_sea_1,500.0,FRA_mediterranean_sea_1,42.51270098160508,6.748321317742738,FR,,False,True
nDEU_north_sea_1,nDEU_north_sea_1,500.0,DEU_north_sea_1,54.58773851106296,6.780728082016164,DE,,False,True
nDEU_baltic_sea_1,nDEU_baltic_sea_1,500.0,DEU_baltic_sea_1,54.753567,13.974048,DE,,False,True
nNLD_north_sea_1,nNLD_north_sea_1,500.0,NLD_north_sea_1,53.61222918115018,4.18654044322875,NL,,False,True
nPOL_baltic_sea_1,nPOL_baltic_sea_1,500.0,POL_baltic_sea_1,54.91969818268368,17.299221317236395,PL,,False,True
nSWE_north_sea_1,nSWE_north_sea_1,500.0,SWE_north_sea_1,58.3812701245665,10.227348058258103,SE,,False,True
nSWE_baltic_sea_1,nSWE_baltic_sea_1,500.0,SWE_baltic_sea_1,62.427037,19.507758,SE,,False,True
