index,technology,fuel,eta,variable_om,plant_type
0,steam,uran,0.333,8.5,conventional
1,steam,lignite,0.439,7.0,conventional
2,steam,hard coal,0.462,6.0,conventional
3,ccgt,gas,0.605,4.0,conventional
4,ocgt,gas,0.392,3.0,conventional
5,steam,gas,0.412,3.0,conventional
6,ccot,oil,0.605,4.0,conventional
7,ocot,oil,0.392,3.0,conventional
8,steam,oil,0.412,3.0,conventional
9,reservoir,hydro,1.0,0.0,hydro_res
10,psp,hydro,0.75,0.0,hydro_psp
11,ror,hydro,1.0,0.0,hydro_ror
12,hydro,hydro,1.0,0.0,hydro
13,steam,waste,1.0,0.0,conventional
14,ccgt,biomass,1.0,0.0,conventional
15,steam,biomass,1.0,0.0,conventional
16,tidal,hydro,1.0,0.0,hydro
17,geothermal,sun,1.0,0.0,other_res
18,wind,wind,1.0,0.0,wind
19,solar,sun,1.0,0.0,solar
20,csp,sun,1.0,0.0,solar
21,wind onshore,wind,1.0,0.0,wind onshore
22,wind offshore,wind,1.0,0.0,wind offshore
